Start,End,Celle 6.Gardin4 (Celle 6) [%],Celle 6.Lys (Celle 6) [μmol],Celle 6.Regn (Celle 6) [],Celle 6.Udetemp (Celle 6) [°C],Celle 6.Udelys (Celle 6) [W/m2]
2014-08-01 00:00,2014-08-01 00:59,0.0,0.0,0.0,0.0,0.0
2014-08-01 01:00,2014-08-01 01:59,0.0,0.0,0.0,0.0,0.0
2014-08-01 02:00,2014-08-01 02:59,0.0,0.0,0.0,0.0,0.0
2014-08-01 03:00,2014-08-01 03:59,0.0,0.0,0.0,0.0,0.0
2014-08-01 04:00,2014-08-01 04:59,0.0,0.0,0.0,0.0,0.0
2014-08-01 05:00,2014-08-01 05:59,0.0,0.0,0.0,0.0,0.0
2014-08-01 06:00,2014-08-01 06:59,0.0,0.0,0.0,0.0,0.0
2014-08-01 07:00,2014-08-01 07:59,0.0,0.0,0.0,0.0,0.0
2014-08-01 08:00,2014-08-01 08:59,0.0,0.0,0.0,0.0,0.0
2014-08-01 09:00,2014-08-01 09:59,56.4,30.0,0.7,11.9,1.5
2014-08-01 10:00,2014-08-01 10:59,80.0,369.4,0.3,22.6,319.5
2014-08-01 11:00,2014-08-01 11:59,80.0,600.9,0.0,25.0,536.7
2014-08-01 12:00,2014-08-01 12:59,80.0,614.1,0.0,25.0,543.2
2014-08-01 13:00,2014-08-01 13:59,80.0,614.1,0.0,25.0,543.2
2014-08-01 14:00,2014-08-01 14:59,80.0,614.1,0.0,25.0,543.2
2014-08-01 15:00,2014-08-01 15:59,80.0,614.1,0.0,25.0,543.2
2014-08-01 16:00,2014-08-01 16:59,80.0,614.1,0.0,25.0,543.2
2014-08-01 17:00,2014-08-01 17:59,80.0,542.8,0.0,27.1,115.3
2014-08-01 18:00,2014-08-01 18:59,80.0,282.3,0.0,26.4,243.8
2014-08-01 19:00,2014-08-01 19:59,80.0,145.7,0.0,25.6,123.0
2014-08-01 20:00,2014-08-01 20:59,80.0,30.4,0.0,23.9,26.9
2014-08-01 21:00,2014-08-01 21:59,80.0,0.1,0.0,22.2,0.4
2014-08-01 22:00,2014-08-01 22:59,80.0,0.0,0.0,21.9,0.0
2014-08-01 23:00,2014-08-01 23:59,80.0,0.0,0.0,21.9,0.0
2014-08-02 00:00,2014-08-02 00:59,80.0,0.0,0.0,21.9,0.0
2014-08-02 01:00,2014-08-02 01:59,80.0,0.0,0.0,21.9,0.0
2014-08-02 02:00,2014-08-02 02:59,80.0,0.0,0.0,21.9,0.0
2014-08-02 03:00,2014-08-02 03:59,80.0,0.0,0.0,21.9,0.0
2014-08-02 04:00,2014-08-02 04:59,80.0,0.0,0.0,21.9,0.0
2014-08-02 05:00,2014-08-02 05:59,22.5,0.0,0.0,21.9,0.0
2014-08-02 06:00,2014-08-02 06:59,0.0,0.0,0.0,21.9,0.0
2014-08-02 07:00,2014-08-02 07:59,0.0,0.0,0.0,21.9,0.0
2014-08-02 08:00,2014-08-02 08:59,62.1,0.0,0.0,21.9,0.0
2014-08-02 09:00,2014-08-02 09:59,80.0,0.0,0.0,21.9,0.0
2014-08-02 10:00,2014-08-02 10:59,80.0,406.3,0.0,25.5,393.6
2014-08-02 11:00,2014-08-02 11:59,80.0,648.9,0.0,25.9,577.4
2014-08-02 12:00,2014-08-02 12:59,80.0,691.2,0.0,25.8,599.9
2014-08-02 13:00,2014-08-02 13:59,80.0,691.2,0.0,25.8,599.9
2014-08-02 14:00,2014-08-02 14:59,80.0,691.2,0.0,25.8,599.9
2014-08-02 15:00,2014-08-02 15:59,80.0,691.2,0.0,25.8,599.9
2014-08-02 16:00,2014-08-02 16:59,80.0,691.2,0.0,25.8,599.9
2014-08-02 17:00,2014-08-02 17:59,80.0,691.2,0.0,25.8,599.9
2014-08-02 18:00,2014-08-02 18:59,80.0,691.2,0.0,25.8,599.9
2014-08-02 19:00,2014-08-02 19:59,80.0,691.2,0.0,25.8,599.9
2014-08-02 20:00,2014-08-02 20:59,80.0,691.2,0.0,25.8,599.9
2014-08-02 21:00,2014-08-02 21:59,80.0,691.2,0.0,25.8,599.9
2014-08-02 22:00,2014-08-02 22:59,13.3,955.6,0.0,25.8,599.9
2014-08-02 23:00,2014-08-02 23:59,0.0,1016.6,0.0,25.8,599.9
2014-08-03 00:00,2014-08-03 00:59,0.0,1016.6,0.0,25.8,599.9
2014-08-03 01:00,2014-08-03 01:59,0.0,1016.6,0.0,25.8,599.9
2014-08-03 02:00,2014-08-03 02:59,0.0,1016.6,0.0,25.8,599.9
2014-08-03 03:00,2014-08-03 03:59,0.0,1016.6,0.0,25.8,599.9
2014-08-03 04:00,2014-08-03 04:59,0.0,1016.6,0.0,25.8,599.9
2014-08-03 05:00,2014-08-03 05:59,0.0,1016.6,0.0,25.8,599.9
2014-08-03 06:00,2014-08-03 06:59,0.0,1016.6,0.0,25.8,599.9
2014-08-03 07:00,2014-08-03 07:59,0.0,1016.6,0.0,25.8,599.9
2014-08-03 08:00,2014-08-03 08:59,29.2,904.4,0.0,25.8,599.9
2014-08-03 09:00,2014-08-03 09:59,80.0,412.6,0.0,24.0,10.3
2014-08-03 10:00,2014-08-03 10:59,80.0,218.0,0.0,23.9,8.9
2014-08-03 11:00,2014-08-03 11:59,80.0,218.0,0.0,23.9,8.9
2014-08-03 12:00,2014-08-03 12:59,80.0,218.0,0.0,23.9,8.9
2014-08-03 13:00,2014-08-03 13:59,80.0,218.0,0.0,23.9,8.9
2014-08-03 14:00,2014-08-03 14:59,80.0,405.6,0.6,24.4,256.1
2014-08-03 15:00,2014-08-03 15:59,80.0,270.9,0.0,24.5,396.7
2014-08-03 16:00,2014-08-03 16:59,80.0,263.2,0.0,24.5,396.7
2014-08-03 17:00,2014-08-03 17:59,80.0,263.2,0.0,24.5,396.7
2014-08-03 18:00,2014-08-03 18:59,80.0,263.2,0.0,24.5,396.7
2014-08-03 19:00,2014-08-03 19:59,80.0,226.3,0.0,24.2,309.5
2014-08-03 20:00,2014-08-03 20:59,80.0,37.3,0.0,23.0,48.4
2014-08-03 21:00,2014-08-03 21:59,80.0,3.0,0.0,21.1,2.8
2014-08-03 22:00,2014-08-03 22:59,80.0,2.7,0.0,19.9,0.0
2014-08-03 23:00,2014-08-03 23:59,80.0,2.7,0.0,19.7,0.0
2014-08-04 00:00,2014-08-04 00:59,80.0,2.7,0.0,19.7,0.0
2014-08-04 01:00,2014-08-04 01:59,80.0,2.7,0.0,19.7,0.0
2014-08-04 02:00,2014-08-04 02:59,80.0,2.7,0.0,19.7,0.0
2014-08-04 03:00,2014-08-04 03:59,80.0,2.7,0.0,19.7,0.0
2014-08-04 04:00,2014-08-04 04:59,80.0,2.7,0.0,19.7,0.0
2014-08-04 05:00,2014-08-04 05:59,19.0,3.5,0.0,19.7,0.0
2014-08-04 06:00,2014-08-04 06:59,0.0,3.9,0.0,19.7,0.0
2014-08-04 07:00,2014-08-04 07:59,0.0,3.9,0.0,19.7,0.0
2014-08-04 08:00,2014-08-04 08:59,0.0,3.9,0.0,19.7,0.0
2014-08-04 09:00,2014-08-04 09:59,0.0,3.9,0.0,19.7,0.0
2014-08-04 10:00,2014-08-04 10:59,78.5,2.7,0.0,19.7,0.0
2014-08-04 11:00,2014-08-04 11:59,80.0,317.0,0.0,22.1,291.7
2014-08-04 12:00,2014-08-04 12:59,80.0,747.1,0.0,23.3,657.2
2014-08-04 13:00,2014-08-04 13:59,80.0,766.6,0.0,24.3,671.9
2014-08-04 14:00,2014-08-04 14:59,80.0,765.6,0.0,24.3,671.9
2014-08-04 15:00,2014-08-04 15:59,80.0,692.8,0.0,24.9,671.9
2014-08-04 16:00,2014-08-04 16:59,80.0,672.6,0.0,25.0,671.9
2014-08-04 17:00,2014-08-04 17:59,80.0,672.6,0.0,25.0,671.9
2014-08-04 18:00,2014-08-04 18:59,80.0,672.6,0.0,25.0,671.9
2014-08-04 19:00,2014-08-04 19:59,80.0,672.6,0.0,25.0,671.9
2014-08-04 20:00,2014-08-04 20:59,80.0,672.6,0.0,25.0,671.9
2014-08-04 21:00,2014-08-04 21:59,80.0,672.6,0.0,25.0,671.9
2014-08-04 22:00,2014-08-04 22:59,47.1,231.7,0.0,19.8,178.8
2014-08-04 23:00,2014-08-04 23:59,80.0,0.0,0.0,19.7,0.0
2014-08-05 00:00,2014-08-05 00:59,80.0,0.0,0.0,19.7,0.0
2014-08-05 01:00,2014-08-05 01:59,80.0,0.0,0.0,19.7,0.0
2014-08-05 02:00,2014-08-05 02:59,80.0,0.0,0.0,19.7,0.0
2014-08-05 03:00,2014-08-05 03:59,80.0,0.0,0.0,19.7,0.0
2014-08-05 04:00,2014-08-05 04:59,80.0,0.0,0.0,19.7,0.0
2014-08-05 05:00,2014-08-05 05:59,22.6,0.0,0.0,19.7,0.0
2014-08-05 06:00,2014-08-05 06:59,0.0,0.0,0.0,19.7,0.0
2014-08-05 07:00,2014-08-05 07:59,0.0,0.0,0.0,19.7,0.0
2014-08-05 08:00,2014-08-05 08:59,18.9,0.0,0.0,19.7,0.0
2014-08-05 09:00,2014-08-05 09:59,80.0,33.7,0.0,20.0,26.5
2014-08-05 10:00,2014-08-05 10:59,80.0,498.2,0.0,23.4,463.3
2014-08-05 11:00,2014-08-05 11:59,80.0,469.2,0.0,23.8,437.9
2014-08-05 12:00,2014-08-05 12:59,80.0,539.1,0.0,24.0,478.8
2014-08-05 13:00,2014-08-05 13:59,80.0,201.3,0.2,23.0,188.1
2014-08-05 14:00,2014-08-05 14:59,80.0,195.0,1.0,21.7,225.6
2014-08-05 15:00,2014-08-05 15:59,80.0,196.1,1.0,24.2,211.5
2014-08-05 16:00,2014-08-05 16:59,80.0,271.2,1.0,24.1,43.7
2014-08-05 17:00,2014-08-05 17:59,80.0,273.8,1.0,24.1,43.7
2014-08-05 18:00,2014-08-05 18:59,80.0,273.8,1.0,24.1,43.7
2014-08-05 19:00,2014-08-05 19:59,80.0,273.8,1.0,24.1,43.7
2014-08-05 20:00,2014-08-05 20:59,80.0,273.8,1.0,24.1,43.7
2014-08-05 21:00,2014-08-05 21:59,14.6,366.8,1.0,24.1,43.7
2014-08-05 22:00,2014-08-05 22:59,29.5,57.0,0.2,17.7,2.7
2014-08-05 23:00,2014-08-05 23:59,80.0,0.0,0.4,16.7,0.0
2014-08-06 00:00,2014-08-06 00:59,80.0,0.0,0.0,16.6,0.0
2014-08-06 01:00,2014-08-06 01:59,80.0,0.0,0.0,15.8,0.0
2014-08-06 02:00,2014-08-06 02:59,80.0,0.0,0.0,14.2,0.0
2014-08-06 03:00,2014-08-06 03:59,80.0,0.0,0.0,13.0,0.0
2014-08-06 04:00,2014-08-06 04:59,80.0,0.0,0.0,11.9,0.0
2014-08-06 05:00,2014-08-06 05:59,39.0,0.0,0.0,11.5,0.7
2014-08-06 06:00,2014-08-06 06:59,0.0,31.2,0.0,12.3,20.8
2014-08-06 07:00,2014-08-06 07:59,0.0,142.2,0.0,14.9,86.1
2014-08-06 08:00,2014-08-06 08:59,15.0,387.8,0.0,19.4,272.4
2014-08-06 09:00,2014-08-06 09:59,80.0,428.9,0.0,21.8,409.3
2014-08-06 10:00,2014-08-06 10:59,80.0,556.9,0.0,23.8,524.7
2014-08-06 11:00,2014-08-06 11:59,80.0,589.9,0.0,24.3,525.7
2014-08-06 12:00,2014-08-06 12:59,80.0,456.2,0.0,23.9,413.1
2014-08-06 13:00,2014-08-06 13:59,80.0,582.0,0.0,24.4,503.1
2014-08-06 14:00,2014-08-06 14:59,80.0,642.1,0.5,27.0,665.4
2014-08-06 15:00,2014-08-06 15:59,80.0,448.0,0.4,26.6,473.8
2014-08-06 16:00,2014-08-06 16:59,80.0,563.5,0.0,25.9,515.8
2014-08-06 17:00,2014-08-06 17:59,80.0,529.0,0.0,25.9,489.1
2014-08-06 18:00,2014-08-06 18:59,80.0,529.0,0.0,25.9,489.1
2014-08-06 19:00,2014-08-06 19:59,80.0,180.1,0.0,24.1,109.9
2014-08-06 20:00,2014-08-06 20:59,79.3,24.2,0.0,21.1,23.2
2014-08-06 21:00,2014-08-06 21:59,77.8,0.0,0.0,18.1,0.1
2014-08-06 22:00,2014-08-06 22:59,80.0,0.0,0.0,16.8,0.0
2014-08-06 23:00,2014-08-06 23:59,80.0,0.0,0.0,16.7,0.0
2014-08-07 00:00,2014-08-07 00:59,80.0,0.0,0.0,16.9,0.0
2014-08-07 01:00,2014-08-07 01:59,80.0,0.0,0.0,16.5,0.0
2014-08-07 02:00,2014-08-07 02:59,80.0,0.0,0.0,15.9,0.0
2014-08-07 03:00,2014-08-07 03:59,80.0,0.0,0.0,16.3,0.0
2014-08-07 04:00,2014-08-07 04:59,80.0,0.0,0.0,16.4,0.0
2014-08-07 05:00,2014-08-07 05:59,41.6,0.0,0.0,16.8,0.4
2014-08-07 06:00,2014-08-07 06:59,0.0,19.8,0.1,17.3,28.6
2014-08-07 07:00,2014-08-07 07:59,0.0,61.3,0.0,18.1,54.9
2014-08-07 08:00,2014-08-07 08:59,0.0,126.1,0.0,18.8,93.9
2014-08-07 09:00,2014-08-07 09:59,33.9,164.8,0.0,20.1,127.9
2014-08-07 10:00,2014-08-07 10:59,80.0,181.0,0.0,21.1,178.3
2014-08-07 11:00,2014-08-07 11:59,80.0,205.8,0.0,21.7,201.5
2014-08-07 12:00,2014-08-07 12:59,80.0,93.6,0.5,20.4,98.8
2014-08-07 13:00,2014-08-07 13:59,80.0,164.2,0.2,19.9,156.8
2014-08-07 14:00,2014-08-07 14:59,80.0,190.9,0.2,19.4,193.6
2014-08-07 15:00,2014-08-07 15:59,80.0,376.0,0.1,20.8,357.9
2014-08-07 16:00,2014-08-07 16:59,80.0,294.6,0.0,21.2,268.4
2014-08-07 17:00,2014-08-07 17:59,80.0,188.6,0.0,20.5,173.1
2014-08-07 18:00,2014-08-07 18:59,34.8,74.9,0.3,19.1,65.3
2014-08-07 19:00,2014-08-07 19:59,0.0,80.3,0.1,18.8,61.0
2014-08-07 20:00,2014-08-07 20:59,3.4,19.7,0.0,18.7,21.7
2014-08-07 21:00,2014-08-07 21:59,80.0,0.0,0.0,18.0,0.4
2014-08-07 22:00,2014-08-07 22:59,80.0,0.0,0.0,17.2,0.0
2014-08-07 23:00,2014-08-07 23:59,80.0,0.0,0.0,16.5,0.0
2014-08-08 00:00,2014-08-08 00:59,80.0,0.0,0.0,15.8,0.0
2014-08-08 01:00,2014-08-08 01:59,80.0,0.0,0.0,15.3,0.0
2014-08-08 02:00,2014-08-08 02:59,80.0,0.0,0.0,14.9,0.0
2014-08-08 03:00,2014-08-08 03:59,80.0,0.0,0.0,14.6,0.0
2014-08-08 04:00,2014-08-08 04:59,80.0,0.0,0.0,14.3,0.0
2014-08-08 05:00,2014-08-08 05:59,44.3,0.0,0.0,13.7,0.5
2014-08-08 06:00,2014-08-08 06:59,0.0,23.7,0.0,13.7,21.1
2014-08-08 07:00,2014-08-08 07:59,0.0,128.2,0.0,15.4,81.7
2014-08-08 08:00,2014-08-08 08:59,17.9,378.5,0.1,18.7,275.1
2014-08-08 09:00,2014-08-08 09:59,80.0,435.1,0.0,21.3,414.6
2014-08-08 10:00,2014-08-08 10:59,80.0,562.0,0.0,23.0,521.8
2014-08-08 11:00,2014-08-08 11:59,80.0,655.3,0.0,24.3,589.3
2014-08-08 12:00,2014-08-08 12:59,80.0,444.3,0.0,25.3,605.7
2014-08-08 13:00,2014-08-08 13:59,80.0,276.5,0.0,25.5,580.5
2014-08-08 14:00,2014-08-08 14:59,80.0,276.5,0.0,25.5,580.5
2014-08-08 15:00,2014-08-08 15:59,80.0,276.5,0.0,25.5,580.5
2014-08-08 16:00,2014-08-08 16:59,80.0,276.5,0.0,25.5,580.5
2014-08-08 17:00,2014-08-08 17:59,80.0,276.5,0.0,25.5,580.5
2014-08-08 18:00,2014-08-08 18:59,80.0,276.5,0.0,25.5,580.5
2014-08-08 19:00,2014-08-08 19:59,80.0,276.5,0.0,25.5,580.5
2014-08-08 20:00,2014-08-08 20:59,80.0,80.2,0.0,22.7,24.4
2014-08-08 21:00,2014-08-08 21:59,80.0,0.1,0.0,18.7,0.1
2014-08-08 22:00,2014-08-08 22:59,68.9,8.0,0.0,16.7,0.0
2014-08-08 23:00,2014-08-08 23:59,17.4,13.9,0.0,15.4,0.0
2014-08-09 00:00,2014-08-09 00:59,80.0,0.0,0.0,16.1,0.0
2014-08-09 01:00,2014-08-09 01:59,80.0,0.0,0.0,16.6,0.0
2014-08-09 02:00,2014-08-09 02:59,80.0,0.0,0.0,17.0,0.0
2014-08-09 03:00,2014-08-09 03:59,80.0,0.0,0.0,17.6,0.0
2014-08-09 04:00,2014-08-09 04:59,80.0,0.0,0.0,18.0,0.0
2014-08-09 05:00,2014-08-09 05:59,46.3,0.0,0.0,18.6,2.9
2014-08-09 06:00,2014-08-09 06:59,0.0,32.8,0.0,19.5,36.4
2014-08-09 07:00,2014-08-09 07:59,0.0,125.3,0.0,20.4,91.6
2014-08-09 08:00,2014-08-09 08:59,28.9,217.8,0.0,21.4,169.7
2014-08-09 09:00,2014-08-09 09:59,80.0,238.3,0.0,22.0,227.7
2014-08-09 10:00,2014-08-09 10:59,61.9,64.6,0.5,21.0,57.0
2014-08-09 11:00,2014-08-09 11:59,0.0,114.1,0.9,18.6,75.3
2014-08-09 12:00,2014-08-09 12:59,24.3,275.9,0.2,18.9,203.1
2014-08-09 13:00,2014-08-09 13:59,80.0,348.6,0.0,20.5,323.4
2014-08-09 14:00,2014-08-09 14:59,46.6,265.3,0.4,19.2,207.3
2014-08-09 15:00,2014-08-09 15:59,39.0,428.9,0.2,19.4,331.5
2014-08-09 16:00,2014-08-09 16:59,80.0,491.9,0.0,20.7,430.4
2014-08-09 17:00,2014-08-09 17:59,80.0,379.0,0.0,21.0,334.6
2014-08-09 18:00,2014-08-09 18:59,80.0,269.4,0.0,20.7,228.3
2014-08-09 19:00,2014-08-09 19:59,36.6,156.6,0.0,20.0,103.3
2014-08-09 20:00,2014-08-09 20:59,0.0,46.2,0.0,18.8,29.5
2014-08-09 21:00,2014-08-09 21:59,77.3,0.0,0.0,16.6,0.0
2014-08-09 22:00,2014-08-09 22:59,80.0,0.0,0.0,14.9,0.0
2014-08-09 23:00,2014-08-09 23:59,80.0,0.0,0.0,14.7,0.0
2014-08-10 00:00,2014-08-10 00:59,80.0,0.0,0.0,14.7,0.0
2014-08-10 01:00,2014-08-10 01:59,80.0,0.0,0.0,14.7,0.0
2014-08-10 02:00,2014-08-10 02:59,80.0,0.0,0.0,14.7,0.0
2014-08-10 03:00,2014-08-10 03:59,80.0,0.0,0.0,14.7,0.0
2014-08-10 04:00,2014-08-10 04:59,80.0,0.0,0.0,14.7,0.0
2014-08-10 05:00,2014-08-10 05:59,18.8,0.0,0.0,14.7,0.0
2014-08-10 06:00,2014-08-10 06:59,0.0,0.0,0.0,14.7,0.0
2014-08-10 07:00,2014-08-10 07:59,0.0,0.0,0.0,14.7,0.0
2014-08-10 08:00,2014-08-10 08:59,0.0,0.0,0.0,14.7,0.0
2014-08-10 09:00,2014-08-10 09:59,75.5,106.1,0.0,17.1,113.2
2014-08-10 10:00,2014-08-10 10:59,80.0,538.9,0.0,23.0,499.2
2014-08-10 11:00,2014-08-10 11:59,80.0,582.5,0.0,23.3,525.4
2014-08-10 12:00,2014-08-10 12:59,80.0,609.2,0.0,23.5,563.4
2014-08-10 13:00,2014-08-10 13:59,80.0,653.8,0.0,23.6,579.9
2014-08-10 14:00,2014-08-10 14:59,80.0,657.0,0.0,23.7,587.2
2014-08-10 15:00,2014-08-10 15:59,80.0,623.1,0.0,23.9,552.5
2014-08-10 16:00,2014-08-10 16:59,80.0,443.8,0.0,23.2,385.6
2014-08-10 17:00,2014-08-10 17:59,80.0,294.2,0.0,22.5,259.9
2014-08-10 18:00,2014-08-10 18:59,80.0,130.7,0.0,21.5,117.3
2014-08-10 19:00,2014-08-10 19:59,80.0,47.1,0.0,20.7,51.7
2014-08-10 20:00,2014-08-10 20:59,80.0,8.6,0.0,20.4,14.8
2014-08-10 21:00,2014-08-10 21:59,80.0,0.0,0.8,20.2,0.0
2014-08-10 22:00,2014-08-10 22:59,80.0,0.0,1.0,20.2,0.0
2014-08-10 23:00,2014-08-10 23:59,80.0,0.0,1.0,20.2,0.0
2014-08-11 00:00,2014-08-11 00:59,80.0,0.0,1.0,20.2,0.0
2014-08-11 01:00,2014-08-11 01:59,80.0,0.0,1.0,20.2,0.0
2014-08-11 02:00,2014-08-11 02:59,80.0,0.0,1.0,20.2,0.0
2014-08-11 03:00,2014-08-11 03:59,80.0,0.0,1.0,20.2,0.0
2014-08-11 04:00,2014-08-11 04:59,80.0,0.0,1.0,20.2,0.0
2014-08-11 05:00,2014-08-11 05:59,80.0,0.0,1.0,20.2,0.0
2014-08-11 06:00,2014-08-11 06:59,80.0,0.0,1.0,20.2,0.0
2014-08-11 07:00,2014-08-11 07:59,80.0,0.0,1.0,20.2,0.0
2014-08-11 08:00,2014-08-11 08:59,80.0,0.0,1.0,20.2,0.0
2014-08-11 09:00,2014-08-11 09:59,80.0,0.0,1.0,20.2,0.0
2014-08-11 10:00,2014-08-11 10:59,80.0,0.0,1.0,20.2,0.0
2014-08-11 11:00,2014-08-11 11:59,80.0,0.0,1.0,20.2,0.0
2014-08-11 12:00,2014-08-11 12:59,80.0,0.0,1.0,20.2,0.0
2014-08-11 13:00,2014-08-11 13:59,80.0,0.0,1.0,20.2,0.0
2014-08-11 14:00,2014-08-11 14:59,58.3,396.0,0.2,19.8,371.6
2014-08-11 15:00,2014-08-11 15:59,80.0,444.8,0.2,19.7,395.8
2014-08-11 16:00,2014-08-11 16:59,80.0,512.4,0.0,20.9,453.1
2014-08-11 17:00,2014-08-11 17:59,80.0,365.0,0.0,20.7,324.5
2014-08-11 18:00,2014-08-11 18:59,80.0,201.1,0.0,19.8,166.0
2014-08-11 19:00,2014-08-11 19:59,80.0,121.5,0.0,19.2,91.3
2014-08-11 20:00,2014-08-11 20:59,36.5,8.5,0.0,17.0,6.7
2014-08-11 21:00,2014-08-11 21:59,80.0,0.0,0.1,15.1,0.0
2014-08-11 22:00,2014-08-11 22:59,80.0,0.0,0.1,15.0,0.0
2014-08-11 23:00,2014-08-11 23:59,80.0,0.0,0.0,16.2,0.0
2014-08-12 00:00,2014-08-12 00:59,77.8,0.0,0.5,14.6,-540926214520.3
2014-08-12 01:00,2014-08-12 01:59,80.0,0.0,0.8,13.6,
2014-08-12 02:00,2014-08-12 02:59,80.0,0.0,1.0,13.6,
2014-08-12 03:00,2014-08-12 03:59,80.0,0.0,1.0,13.6,
2014-08-12 04:00,2014-08-12 04:59,80.0,0.0,1.0,13.6,
2014-08-12 05:00,2014-08-12 05:59,80.0,0.0,1.0,13.6,
2014-08-12 06:00,2014-08-12 06:59,80.0,0.0,1.0,13.6,
2014-08-12 07:00,2014-08-12 07:59,80.0,0.0,1.0,13.6,
2014-08-12 08:00,2014-08-12 08:59,80.0,8.3,1.0,13.6,
2014-08-12 09:00,2014-08-12 09:59,1.6,283.8,0.6,13.2,201.7
2014-08-12 10:00,2014-08-12 10:59,62.6,621.3,0.0,16.0,521.9
2014-08-12 11:00,2014-08-12 11:59,37.2,304.7,0.0,15.9,235.5
2014-08-12 12:00,2014-08-12 12:59,52.5,516.9,0.0,16.9,437.3
2014-08-12 13:00,2014-08-12 13:59,80.0,591.7,0.0,18.1,534.9
2014-08-12 14:00,2014-08-12 14:59,80.0,483.5,0.0,18.0,439.5
2014-08-12 15:00,2014-08-12 15:59,80.0,619.8,0.0,19.2,549.2
2014-08-12 16:00,2014-08-12 16:59,80.0,469.8,0.0,18.6,406.6
2014-08-12 17:00,2014-08-12 17:59,50.5,315.1,0.1,17.2,235.7
2014-08-12 18:00,2014-08-12 18:59,0.0,217.4,0.2,15.8,129.8
2014-08-12 19:00,2014-08-12 19:59,0.0,83.9,0.7,14.9,60.0
2014-08-12 20:00,2014-08-12 20:59,7.6,32.7,0.3,14.4,25.5
2014-08-12 21:00,2014-08-12 21:59,80.0,0.0,0.0,13.4,0.0
2014-08-12 22:00,2014-08-12 22:59,80.0,0.0,0.0,13.4,0.0
2014-08-12 23:00,2014-08-12 23:59,80.0,0.0,0.0,13.1,0.0
2014-08-13 00:00,2014-08-13 00:59,80.0,0.0,0.2,13.3,0.0
2014-08-13 01:00,2014-08-13 01:59,80.0,0.0,0.4,13.3,0.0
2014-08-13 02:00,2014-08-13 02:59,80.0,0.0,0.0,12.0,0.0
2014-08-13 03:00,2014-08-13 03:59,80.0,0.0,0.0,11.9,0.0
2014-08-13 04:00,2014-08-13 04:59,80.0,0.0,0.0,11.9,0.0
2014-08-13 05:00,2014-08-13 05:59,80.0,0.0,0.0,11.9,0.0
2014-08-13 06:00,2014-08-13 06:59,80.0,0.0,0.0,11.9,0.0
2014-08-13 07:00,2014-08-13 07:59,80.0,0.0,0.0,11.9,0.0
2014-08-13 08:00,2014-08-13 08:59,80.0,0.0,0.0,11.9,0.0
2014-08-13 09:00,2014-08-13 09:59,80.0,0.0,0.0,11.9,0.0
2014-08-13 10:00,2014-08-13 10:59,80.0,0.0,0.0,11.9,0.0
2014-08-13 11:00,2014-08-13 11:59,80.0,0.0,0.0,11.9,0.0
2014-08-13 12:00,2014-08-13 12:59,80.0,0.0,0.0,11.9,0.0
2014-08-13 13:00,2014-08-13 13:59,80.0,0.0,0.0,11.9,0.0
2014-08-13 14:00,2014-08-13 14:59,80.0,0.0,0.0,11.9,0.0
2014-08-13 15:00,2014-08-13 15:59,80.0,0.0,0.0,11.9,0.0
2014-08-13 16:00,2014-08-13 16:59,80.0,0.0,0.0,11.9,0.0
2014-08-13 17:00,2014-08-13 17:59,80.0,0.0,0.0,11.9,0.0
2014-08-13 18:00,2014-08-13 18:59,80.0,0.0,0.0,11.9,0.0
2014-08-13 19:00,2014-08-13 19:59,80.0,0.0,0.0,11.9,0.0
2014-08-13 20:00,2014-08-13 20:59,80.0,0.0,0.0,11.9,0.0
2014-08-13 21:00,2014-08-13 21:59,80.0,0.0,0.0,11.9,0.0
2014-08-13 22:00,2014-08-13 22:59,80.0,0.0,0.0,11.9,0.0
2014-08-13 23:00,2014-08-13 23:59,80.0,0.0,0.0,11.9,0.0
2014-08-14 00:00,2014-08-14 00:59,80.0,0.0,0.0,11.9,0.0
2014-08-14 01:00,2014-08-14 01:59,80.0,0.0,0.0,11.9,0.0
2014-08-14 02:00,2014-08-14 02:59,80.0,0.0,0.0,11.9,0.0
2014-08-14 03:00,2014-08-14 03:59,80.0,0.0,0.0,11.9,0.0
2014-08-14 04:00,2014-08-14 04:59,80.0,0.0,0.0,11.9,0.0
2014-08-14 05:00,2014-08-14 05:59,80.0,0.0,0.0,11.9,0.0
2014-08-14 06:00,2014-08-14 06:59,80.0,0.0,0.0,11.9,0.0
2014-08-14 07:00,2014-08-14 07:59,80.0,0.0,0.0,11.9,0.0
2014-08-14 08:00,2014-08-14 08:59,80.0,0.0,0.0,11.9,0.0
2014-08-14 09:00,2014-08-14 09:59,80.0,0.0,0.0,11.9,0.0
2014-08-14 10:00,2014-08-14 10:59,80.0,0.0,0.0,11.9,0.0
2014-08-14 11:00,2014-08-14 11:59,80.0,546.8,0.0,19.1,420.0
2014-08-14 12:00,2014-08-14 12:59,80.0,600.7,0.0,21.4,522.4
2014-08-14 13:00,2014-08-14 13:59,80.0,516.6,0.0,20.9,450.8
2014-08-14 14:00,2014-08-14 14:59,80.0,394.7,0.2,20.7,332.2
2014-08-14 15:00,2014-08-14 15:59,80.0,239.5,0.2,18.2,219.3
2014-08-14 16:00,2014-08-14 16:59,4.9,213.3,0.2,17.8,147.5
2014-08-14 17:00,2014-08-14 17:59,47.6,346.0,0.0,19.3,282.5
2014-08-14 18:00,2014-08-14 18:59,80.0,249.4,0.0,20.0,197.5
2014-08-14 19:00,2014-08-14 19:59,14.5,95.3,0.0,18.3,56.6
2014-08-14 20:00,2014-08-14 20:59,17.4,21.9,0.0,17.1,14.7
2014-08-14 21:00,2014-08-14 21:59,80.0,0.0,0.0,15.0,0.0
2014-08-14 22:00,2014-08-14 22:59,80.0,0.0,0.0,14.1,0.0
2014-08-14 23:00,2014-08-14 23:59,80.0,0.0,0.0,13.5,0.0
2014-08-15 00:00,2014-08-15 00:59,80.0,0.0,0.0,13.2,0.0
2014-08-15 01:00,2014-08-15 01:59,80.0,0.0,0.0,13.0,0.0
2014-08-15 02:00,2014-08-15 02:59,80.0,0.0,0.0,12.6,0.0
2014-08-15 03:00,2014-08-15 03:59,80.0,0.0,0.0,12.5,0.0
2014-08-15 04:00,2014-08-15 04:59,80.0,0.0,0.0,12.3,0.0
2014-08-15 05:00,2014-08-15 05:59,62.1,0.0,0.0,12.0,0.0
2014-08-15 06:00,2014-08-15 06:59,0.0,16.3,0.0,12.1,14.5
2014-08-15 07:00,2014-08-15 07:59,0.0,113.0,0.0,13.8,76.4
2014-08-15 08:00,2014-08-15 08:59,0.0,302.2,0.0,16.9,189.6
2014-08-15 09:00,2014-08-15 09:59,52.5,322.9,0.0,17.9,252.7
2014-08-15 10:00,2014-08-15 10:59,51.2,385.7,0.0,18.2,308.6
2014-08-15 11:00,2014-08-15 11:59,80.0,204.5,0.6,17.8,180.2
2014-08-15 12:00,2014-08-15 12:59,80.0,526.7,0.0,19.2,476.8
2014-08-15 13:00,2014-08-15 13:59,80.0,530.6,0.0,19.8,486.0
2014-08-15 14:00,2014-08-15 14:59,80.0,698.5,0.0,21.6,603.4
2014-08-15 15:00,2014-08-15 15:59,80.0,531.7,0.0,20.7,464.7
2014-08-15 16:00,2014-08-15 16:59,80.0,201.8,0.2,17.5,201.8
2014-08-15 17:00,2014-08-15 17:59,80.0,459.7,0.0,20.0,399.2
2014-08-15 18:00,2014-08-15 18:59,80.0,183.1,0.0,19.1,162.5
2014-08-15 19:00,2014-08-15 19:59,18.4,118.9,0.0,18.6,72.2
2014-08-15 20:00,2014-08-15 20:59,18.1,21.6,0.0,17.2,14.8
2014-08-15 21:00,2014-08-15 21:59,80.0,0.0,0.0,15.0,0.0
2014-08-15 22:00,2014-08-15 22:59,80.0,0.0,0.0,14.2,0.0
2014-08-15 23:00,2014-08-15 23:59,80.0,0.0,0.0,13.4,0.0
2014-08-16 00:00,2014-08-16 00:59,80.0,0.0,0.0,12.8,0.0
2014-08-16 01:00,2014-08-16 01:59,80.0,0.0,0.0,12.5,0.0
2014-08-16 02:00,2014-08-16 02:59,80.0,0.0,0.0,12.0,0.0
2014-08-16 03:00,2014-08-16 03:59,80.0,0.0,0.0,10.9,0.0
2014-08-16 04:00,2014-08-16 04:59,80.0,0.0,0.0,10.4,0.0
2014-08-16 05:00,2014-08-16 05:59,63.9,0.0,0.0,10.1,0.0
2014-08-16 06:00,2014-08-16 06:59,0.0,21.8,0.0,10.7,22.3
2014-08-16 07:00,2014-08-16 07:59,0.0,113.1,0.0,12.5,81.9
2014-08-16 08:00,2014-08-16 08:59,0.0,388.7,0.0,15.2,251.8
2014-08-16 09:00,2014-08-16 09:59,70.0,215.9,0.0,15.2,190.9
2014-08-16 10:00,2014-08-16 10:59,55.2,327.8,0.1,15.0,279.0
2014-08-16 11:00,2014-08-16 11:59,80.0,392.7,0.0,16.8,378.3
2014-08-16 12:00,2014-08-16 12:59,80.0,470.7,0.0,17.5,431.3
2014-08-16 13:00,2014-08-16 13:59,80.0,430.7,0.0,17.6,395.0
2014-08-16 14:00,2014-08-16 14:59,80.0,482.1,0.0,18.1,432.3
2014-08-16 15:00,2014-08-16 15:59,39.4,475.7,0.0,17.3,376.5
2014-08-16 16:00,2014-08-16 16:59,12.4,349.0,0.0,17.1,239.5
2014-08-16 17:00,2014-08-16 17:59,80.0,330.0,0.0,18.2,286.8
2014-08-16 18:00,2014-08-16 18:59,1.2,61.9,0.1,15.2,48.5
2014-08-16 19:00,2014-08-16 19:59,0.0,42.0,0.0,15.1,34.2
2014-08-16 20:00,2014-08-16 20:59,29.9,4.2,0.0,14.5,5.7
2014-08-16 21:00,2014-08-16 21:59,80.0,0.0,0.0,14.4,0.0
2014-08-16 22:00,2014-08-16 22:59,80.0,0.0,0.0,14.4,0.0
2014-08-16 23:00,2014-08-16 23:59,80.0,0.0,0.1,13.9,0.0
2014-08-17 00:00,2014-08-17 00:59,80.0,0.0,0.0,13.3,0.0
2014-08-17 01:00,2014-08-17 01:59,80.0,0.0,0.0,13.1,0.0
2014-08-17 02:00,2014-08-17 02:59,80.0,0.0,0.0,13.6,0.0
2014-08-17 03:00,2014-08-17 03:59,80.0,0.0,0.0,13.1,0.0
2014-08-17 04:00,2014-08-17 04:59,80.0,0.0,0.4,13.4,0.0
2014-08-17 05:00,2014-08-17 05:59,66.8,0.0,0.1,13.4,0.0
2014-08-17 06:00,2014-08-17 06:59,0.0,2.7,0.0,13.6,4.9
2014-08-17 07:00,2014-08-17 07:59,0.0,16.6,0.0,14.1,18.0
2014-08-17 08:00,2014-08-17 08:59,0.0,99.9,0.0,14.6,73.6
2014-08-17 09:00,2014-08-17 09:59,0.0,204.9,0.1,15.3,137.3
2014-08-17 10:00,2014-08-17 10:59,0.0,92.8,0.9,14.7,60.6
2014-08-17 11:00,2014-08-17 11:59,0.0,81.5,1.0,14.1,53.7
2014-08-17 12:00,2014-08-17 12:59,0.0,97.4,1.0,14.1,66.4
2014-08-17 13:00,2014-08-17 13:59,0.0,118.4,1.0,14.2,75.5
2014-08-17 14:00,2014-08-17 14:59,0.0,148.4,0.8,14.1,97.2
2014-08-17 15:00,2014-08-17 15:59,0.0,116.1,1.0,14.2,75.6
2014-08-17 16:00,2014-08-17 16:59,0.0,94.1,0.6,13.9,65.2
2014-08-17 17:00,2014-08-17 17:59,0.0,47.4,1.0,13.0,40.1
2014-08-17 18:00,2014-08-17 18:59,0.0,37.5,0.9,12.9,32.8
2014-08-17 19:00,2014-08-17 19:59,0.0,5.1,1.0,12.9,5.8
2014-08-17 20:00,2014-08-17 20:59,33.3,0.0,0.2,12.2,0.0
2014-08-17 21:00,2014-08-17 21:59,80.0,0.0,0.0,12.2,0.0
2014-08-17 22:00,2014-08-17 22:59,80.0,0.0,0.0,12.5,0.0
2014-08-17 23:00,2014-08-17 23:59,80.0,0.0,0.0,12.3,0.0
2014-08-18 00:00,2014-08-18 00:59,80.0,0.0,0.2,12.3,0.0
2014-08-18 01:00,2014-08-18 01:59,80.0,0.0,0.0,11.8,0.0
2014-08-18 02:00,2014-08-18 02:59,80.0,0.0,0.0,11.7,0.0
2014-08-18 03:00,2014-08-18 03:59,80.0,0.0,0.0,12.1,0.0
2014-08-18 04:00,2014-08-18 04:59,80.0,0.0,0.5,12.2,0.0
2014-08-18 05:00,2014-08-18 05:59,69.6,0.0,0.0,12.1,0.0
2014-08-18 06:00,2014-08-18 06:59,0.0,5.2,0.0,12.1,8.5
2014-08-18 07:00,2014-08-18 07:59,0.0,73.9,0.0,12.4,55.6
2014-08-18 08:00,2014-08-18 08:59,0.0,125.0,0.1,12.8,89.0
2014-08-18 09:00,2014-08-18 09:59,0.0,185.5,0.0,13.2,128.7
2014-08-18 10:00,2014-08-18 10:59,0.0,236.4,0.3,13.5,158.5
2014-08-18 11:00,2014-08-18 11:59,0.0,302.8,0.0,13.8,201.9
2014-08-18 12:00,2014-08-18 12:59,0.0,257.9,0.3,13.7,173.8
2014-08-18 13:00,2014-08-18 13:59,35.1,363.3,0.4,13.9,273.5
2014-08-18 14:00,2014-08-18 14:59,42.9,636.1,0.0,15.5,460.9
2014-08-18 15:00,2014-08-18 15:59,53.2,513.4,0.1,15.8,402.0
2014-08-18 16:00,2014-08-18 16:59,43.0,374.7,0.1,16.0,261.9
2014-08-18 17:00,2014-08-18 17:59,28.3,252.5,0.0,15.7,175.4
2014-08-18 18:00,2014-08-18 18:59,80.0,277.0,0.0,16.8,229.8
2014-08-18 19:00,2014-08-18 19:59,60.3,74.9,0.0,15.5,51.0
2014-08-18 20:00,2014-08-18 20:59,29.3,5.0,0.0,14.2,6.8
2014-08-18 21:00,2014-08-18 21:59,80.0,0.0,0.0,13.6,0.0
2014-08-18 22:00,2014-08-18 22:59,80.0,0.0,0.0,12.7,0.0
2014-08-18 23:00,2014-08-18 23:59,80.0,0.0,0.0,12.2,0.0
2014-08-19 00:00,2014-08-19 00:59,80.0,0.0,0.0,12.4,0.0
2014-08-19 01:00,2014-08-19 01:59,80.0,0.0,0.0,12.2,0.0
2014-08-19 02:00,2014-08-19 02:59,80.0,0.0,0.0,12.0,0.0
2014-08-19 03:00,2014-08-19 03:59,80.0,0.0,0.0,11.9,0.0
2014-08-19 04:00,2014-08-19 04:59,80.0,0.0,0.0,11.6,0.0
2014-08-19 05:00,2014-08-19 05:59,72.2,0.0,0.0,11.4,0.0
2014-08-19 06:00,2014-08-19 06:59,0.0,13.6,0.0,11.9,15.9
2014-08-19 07:00,2014-08-19 07:59,0.0,108.0,0.0,12.7,68.8
2014-08-19 08:00,2014-08-19 08:59,0.0,372.1,0.0,14.6,239.3
2014-08-19 09:00,2014-08-19 09:59,61.7,403.5,0.0,15.3,352.2
2014-08-19 10:00,2014-08-19 10:59,80.0,502.0,0.0,16.2,477.2
2014-08-19 11:00,2014-08-19 11:59,60.5,474.0,0.3,14.2,367.6
2014-08-19 12:00,2014-08-19 12:59,39.3,615.2,0.0,16.0,483.9
2014-08-19 13:00,2014-08-19 13:59,80.0,588.3,0.0,17.3,515.0
2014-08-19 14:00,2014-08-19 14:59,52.3,695.2,0.0,16.5,546.6
2014-08-19 15:00,2014-08-19 15:59,80.0,503.1,0.0,17.0,442.3
2014-08-19 16:00,2014-08-19 16:59,75.0,413.9,0.0,16.3,352.2
2014-08-19 17:00,2014-08-19 17:59,64.4,428.4,0.0,16.7,324.3
2014-08-19 18:00,2014-08-19 18:59,80.0,209.1,0.0,16.4,173.9
2014-08-19 19:00,2014-08-19 19:59,55.6,70.1,0.0,14.3,50.6
2014-08-19 20:00,2014-08-19 20:59,39.7,0.9,0.8,13.1,4.7
2014-08-19 21:00,2014-08-19 21:59,80.0,0.0,0.5,12.3,0.0
2014-08-19 22:00,2014-08-19 22:59,80.0,0.0,0.0,11.6,0.0
2014-08-19 23:00,2014-08-19 23:59,80.0,0.0,0.0,11.5,0.0
2014-08-20 00:00,2014-08-20 00:59,80.0,0.0,0.0,11.3,0.0
2014-08-20 01:00,2014-08-20 01:59,80.0,0.0,0.0,11.2,0.0
2014-08-20 02:00,2014-08-20 02:59,80.0,0.0,0.0,11.3,0.0
2014-08-20 03:00,2014-08-20 03:59,80.0,0.0,0.0,11.5,0.0
2014-08-20 04:00,2014-08-20 04:59,80.0,0.0,0.0,11.6,0.0
2014-08-20 05:00,2014-08-20 05:59,74.7,0.0,0.0,11.6,0.0
2014-08-20 06:00,2014-08-20 06:59,0.0,1.5,0.0,11.7,6.5
2014-08-20 07:00,2014-08-20 07:59,0.0,86.9,0.0,12.3,66.3
2014-08-20 08:00,2014-08-20 08:59,0.0,149.7,0.0,12.9,105.1
2014-08-20 09:00,2014-08-20 09:59,28.0,464.4,0.0,14.9,348.3
2014-08-20 10:00,2014-08-20 10:59,80.0,405.4,0.0,16.2,397.0
2014-08-20 11:00,2014-08-20 11:59,80.0,337.1,0.0,16.3,316.8
2014-08-20 12:00,2014-08-20 12:59,43.6,547.0,0.0,16.5,414.5
2014-08-20 13:00,2014-08-20 13:59,24.9,532.8,0.3,15.7,372.6
2014-08-20 14:00,2014-08-20 14:59,79.4,598.9,0.0,17.4,528.6
2014-08-20 15:00,2014-08-20 15:59,80.0,603.4,0.0,17.8,530.4
2014-08-20 16:00,2014-08-20 16:59,39.2,506.0,0.0,17.2,366.5
2014-08-20 17:00,2014-08-20 17:59,41.8,327.5,0.0,16.7,223.8
2014-08-20 18:00,2014-08-20 18:59,80.0,182.1,0.0,16.2,162.9
2014-08-20 19:00,2014-08-20 19:59,31.2,60.5,0.0,14.8,49.0
2014-08-20 20:00,2014-08-20 20:59,34.2,7.0,0.0,13.6,8.0
2014-08-20 21:00,2014-08-20 21:59,80.0,0.0,0.0,12.4,0.0
2014-08-20 22:00,2014-08-20 22:59,80.0,0.0,0.0,11.3,0.0
2014-08-20 23:00,2014-08-20 23:59,80.0,0.0,0.0,11.1,0.0
2014-08-21 00:00,2014-08-21 00:59,80.0,0.0,0.0,10.8,0.0
2014-08-21 01:00,2014-08-21 01:59,80.0,0.0,0.0,10.2,0.0
2014-08-21 02:00,2014-08-21 02:59,80.0,0.0,0.0,10.3,0.0
2014-08-21 03:00,2014-08-21 03:59,80.0,0.0,0.2,10.0,0.0
2014-08-21 04:00,2014-08-21 04:59,80.0,0.0,0.0,9.7,0.0
2014-08-21 05:00,2014-08-21 05:59,76.9,0.0,0.0,9.4,0.0
2014-08-21 06:00,2014-08-21 06:59,0.0,9.0,0.0,9.7,14.4
2014-08-21 07:00,2014-08-21 07:59,0.0,98.1,0.0,10.8,77.7
2014-08-21 08:00,2014-08-21 08:59,0.0,363.9,0.0,13.1,252.8
2014-08-21 09:00,2014-08-21 09:59,48.8,440.1,0.0,14.4,360.0
2014-08-21 10:00,2014-08-21 10:59,80.0,500.6,0.0,15.4,471.3
2014-08-21 11:00,2014-08-21 11:59,80.0,542.5,0.0,16.2,497.7
2014-08-21 12:00,2014-08-21 12:59,54.6,359.6,0.5,14.0,308.8
2014-08-21 13:00,2014-08-21 13:59,64.8,700.7,0.3,15.3,598.6
2014-08-21 14:00,2014-08-21 14:59,80.0,556.1,0.0,16.8,493.7
2014-08-21 15:00,2014-08-21 15:59,80.0,452.4,0.0,17.0,403.5
2014-08-21 16:00,2014-08-21 16:59,46.0,316.1,0.0,15.6,250.0
2014-08-21 17:00,2014-08-21 17:59,80.0,182.7,0.0,14.9,175.8
2014-08-21 18:00,2014-08-21 18:59,80.0,96.1,0.0,14.3,98.6
2014-08-21 19:00,2014-08-21 19:59,10.6,35.5,0.0,13.6,32.6
2014-08-21 20:00,2014-08-21 20:59,45.9,0.2,0.0,11.8,2.1
2014-08-21 21:00,2014-08-21 21:59,80.0,0.0,0.0,11.8,0.0
2014-08-21 22:00,2014-08-21 22:59,80.0,0.0,0.0,11.7,0.0
2014-08-21 23:00,2014-08-21 23:59,80.0,0.0,0.0,11.6,0.0
2014-08-22 00:00,2014-08-22 00:59,80.0,0.0,0.0,11.6,0.0
2014-08-22 01:00,2014-08-22 01:59,80.0,0.0,0.0,11.6,0.0
2014-08-22 02:00,2014-08-22 02:59,80.0,0.0,0.0,11.9,0.0
2014-08-22 03:00,2014-08-22 03:59,80.0,0.0,0.0,11.9,0.0
2014-08-22 04:00,2014-08-22 04:59,80.0,0.0,0.0,11.3,0.0
2014-08-22 05:00,2014-08-22 05:59,79.6,0.0,0.0,11.0,0.0
2014-08-22 06:00,2014-08-22 06:59,0.0,3.4,0.0,11.8,7.4
2014-08-22 07:00,2014-08-22 07:59,0.0,74.2,0.0,12.7,61.3
2014-08-22 08:00,2014-08-22 08:59,0.0,194.6,0.0,13.9,139.3
2014-08-22 09:00,2014-08-22 09:59,0.0,295.9,0.0,14.0,202.6
2014-08-22 10:00,2014-08-22 10:59,69.5,328.3,0.0,14.8,298.5
2014-08-22 11:00,2014-08-22 11:59,57.3,273.5,0.1,15.0,242.9
2014-08-22 12:00,2014-08-22 12:59,46.5,263.4,0.0,15.1,206.1
2014-08-22 13:00,2014-08-22 13:59,0.0,162.4,0.1,14.3,112.1
2014-08-22 14:00,2014-08-22 14:59,25.6,331.9,0.0,14.6,255.7
2014-08-22 15:00,2014-08-22 15:59,70.8,264.1,0.1,15.8,241.9
2014-08-22 16:00,2014-08-22 16:59,0.0,242.3,0.1,14.5,150.4
2014-08-22 17:00,2014-08-22 17:59,0.0,148.4,1.0,12.9,109.8
2014-08-22 18:00,2014-08-22 18:59,0.0,289.9,0.4,14.2,190.6
2014-08-22 19:00,2014-08-22 19:59,0.0,34.7,0.0,13.7,29.3
2014-08-22 20:00,2014-08-22 20:59,49.5,1.0,0.6,12.5,1.9
2014-08-22 21:00,2014-08-22 21:59,80.0,0.0,0.0,11.2,0.0
2014-08-22 22:00,2014-08-22 22:59,80.0,0.0,0.0,11.2,0.0
2014-08-22 23:00,2014-08-22 23:59,80.0,0.0,0.0,11.5,0.0
2014-08-23 00:00,2014-08-23 00:59,80.0,0.0,0.0,11.5,0.0
2014-08-23 01:00,2014-08-23 01:59,80.0,0.0,0.0,11.5,0.0
2014-08-23 02:00,2014-08-23 02:59,80.0,0.0,0.0,11.0,0.0
2014-08-23 03:00,2014-08-23 03:59,80.0,0.0,0.0,10.9,0.0
2014-08-23 04:00,2014-08-23 04:59,80.0,0.0,0.0,10.5,0.0
2014-08-23 05:00,2014-08-23 05:59,80.0,0.0,0.0,10.3,0.0
2014-08-23 06:00,2014-08-23 06:59,1.3,3.3,0.0,9.9,3.3
2014-08-23 07:00,2014-08-23 07:59,0.0,92.4,0.0,11.2,66.7
2014-08-23 08:00,2014-08-23 08:59,0.0,352.8,0.0,13.8,235.2
2014-08-23 09:00,2014-08-23 09:59,9.0,401.3,0.1,14.1,276.5
2014-08-23 10:00,2014-08-23 10:59,80.0,479.0,0.0,15.9,446.8
2014-08-23 11:00,2014-08-23 11:59,73.0,354.3,0.2,15.6,315.3
2014-08-23 12:00,2014-08-23 12:59,34.7,554.2,0.5,14.7,435.8
2014-08-23 13:00,2014-08-23 13:59,71.6,517.5,0.2,15.8,443.2
2014-08-23 14:00,2014-08-23 14:59,33.4,637.4,0.1,15.4,469.6
2014-08-23 15:00,2014-08-23 15:59,56.7,313.0,0.3,15.0,267.9
2014-08-23 16:00,2014-08-23 16:59,55.5,332.6,0.0,16.0,266.1
2014-08-23 17:00,2014-08-23 17:59,35.9,403.8,0.4,15.6,286.9
2014-08-23 18:00,2014-08-23 18:59,0.0,235.0,0.1,14.9,135.9
2014-08-23 19:00,2014-08-23 19:59,0.0,73.6,0.4,13.9,61.1
2014-08-23 20:00,2014-08-23 20:59,42.6,4.5,0.0,11.9,6.3
2014-08-23 21:00,2014-08-23 21:59,80.0,0.0,0.0,10.6,0.0
2014-08-23 22:00,2014-08-23 22:59,80.0,0.0,0.0,10.2,0.0
2014-08-23 23:00,2014-08-23 23:59,80.0,0.0,0.0,10.0,0.0
2014-08-24 00:00,2014-08-24 00:59,80.0,0.0,0.0,9.8,0.0
2014-08-24 01:00,2014-08-24 01:59,80.0,0.0,0.0,9.4,0.0
2014-08-24 02:00,2014-08-24 02:59,80.0,0.0,0.0,9.6,0.0
2014-08-24 03:00,2014-08-24 03:59,80.0,0.0,0.0,9.5,0.0
2014-08-24 04:00,2014-08-24 04:59,80.0,0.0,0.0,9.4,0.0
2014-08-24 05:00,2014-08-24 05:59,80.0,0.0,0.0,9.9,0.0
2014-08-24 06:00,2014-08-24 06:59,5.1,4.3,0.0,9.8,5.8
2014-08-24 07:00,2014-08-24 07:59,0.0,92.8,0.0,11.1,67.3
2014-08-24 08:00,2014-08-24 08:59,0.0,335.4,0.0,13.6,221.0
2014-08-24 09:00,2014-08-24 09:59,41.2,430.7,0.0,14.6,339.7
2014-08-24 10:00,2014-08-24 10:59,80.0,410.0,0.1,15.4,386.8
2014-08-24 11:00,2014-08-24 11:59,39.3,316.0,0.0,14.6,261.3
2014-08-24 12:00,2014-08-24 12:59,80.0,402.5,0.1,15.2,379.3
2014-08-24 13:00,2014-08-24 13:59,80.0,611.1,0.0,16.2,553.2
2014-08-24 14:00,2014-08-24 14:59,80.0,551.7,0.1,16.6,492.2
2014-08-24 15:00,2014-08-24 15:59,56.1,479.8,0.5,14.9,382.9
2014-08-24 16:00,2014-08-24 16:59,71.9,344.0,0.1,16.0,291.0
2014-08-24 17:00,2014-08-24 17:59,0.0,443.3,0.0,16.4,263.1
2014-08-24 18:00,2014-08-24 18:59,0.0,278.8,0.0,16.0,153.2
2014-08-24 19:00,2014-08-24 19:59,0.0,88.2,0.0,14.5,50.7
2014-08-24 20:00,2014-08-24 20:59,42.7,4.8,0.0,12.6,6.1
2014-08-24 21:00,2014-08-24 21:59,80.0,0.0,0.0,11.6,0.0
2014-08-24 22:00,2014-08-24 22:59,80.0,0.0,0.0,10.5,0.0
2014-08-24 23:00,2014-08-24 23:59,80.0,0.0,0.0,10.0,0.0
2014-08-25 00:00,2014-08-25 00:59,80.0,0.0,0.0,9.5,0.0
2014-08-25 01:00,2014-08-25 01:59,80.0,0.0,0.0,9.6,0.0
2014-08-25 02:00,2014-08-25 02:59,80.0,0.0,0.0,9.3,0.0
2014-08-25 03:00,2014-08-25 03:59,80.0,0.0,0.3,9.1,0.0
2014-08-25 04:00,2014-08-25 04:59,80.0,0.0,0.0,9.8,0.0
2014-08-25 05:00,2014-08-25 05:59,80.0,0.0,0.0,9.9,0.0
2014-08-25 06:00,2014-08-25 06:59,7.8,2.1,0.0,9.7,10.0
2014-08-25 07:00,2014-08-25 07:59,0.0,54.9,0.0,10.5,51.2
2014-08-25 08:00,2014-08-25 08:59,0.0,165.3,0.0,12.0,117.3
2014-08-25 09:00,2014-08-25 09:59,0.0,238.2,0.0,12.9,161.6
2014-08-25 10:00,2014-08-25 10:59,0.0,303.2,0.0,13.3,213.2
2014-08-25 11:00,2014-08-25 11:59,46.9,420.8,0.0,14.3,353.1
2014-08-25 12:00,2014-08-25 12:59,80.0,533.2,0.0,15.7,513.2
2014-08-25 13:00,2014-08-25 13:59,80.0,475.7,0.0,15.9,437.5
2014-08-25 14:00,2014-08-25 14:59,31.5,425.7,0.4,14.7,314.3
2014-08-25 15:00,2014-08-25 15:59,0.0,763.6,0.2,15.1,465.1
2014-08-25 16:00,2014-08-25 16:59,0.0,708.4,0.0,16.5,421.9
2014-08-25 17:00,2014-08-25 17:59,0.0,224.2,0.6,14.1,136.3
2014-08-25 18:00,2014-08-25 18:59,0.0,247.8,0.2,13.5,161.4
2014-08-25 19:00,2014-08-25 19:59,0.0,109.9,0.0,14.2,57.9
2014-08-25 20:00,2014-08-25 20:59,51.8,3.5,0.0,11.9,3.5
2014-08-25 21:00,2014-08-25 21:59,90.0,0.0,0.0,10.4,0.0
2014-08-25 22:00,2014-08-25 22:59,90.0,0.0,0.0,9.4,0.0
2014-08-25 23:00,2014-08-25 23:59,90.0,0.0,0.0,9.1,0.0
2014-08-26 00:00,2014-08-26 00:59,90.0,0.0,0.0,8.9,0.0
2014-08-26 01:00,2014-08-26 01:59,90.0,0.0,0.0,9.4,0.0
2014-08-26 02:00,2014-08-26 02:59,90.0,0.0,0.0,9.9,0.0
2014-08-26 03:00,2014-08-26 03:59,90.0,0.0,0.0,9.6,0.0
2014-08-26 04:00,2014-08-26 04:59,90.0,0.0,0.0,8.8,0.0
2014-08-26 05:00,2014-08-26 05:59,90.0,0.0,0.0,8.9,0.0
2014-08-26 06:00,2014-08-26 06:59,5.9,2.3,0.0,8.8,3.7
2014-08-26 07:00,2014-08-26 07:59,0.0,53.5,0.4,9.8,46.8
2014-08-26 08:00,2014-08-26 08:59,0.0,173.2,0.3,11.4,120.9
2014-08-26 09:00,2014-08-26 09:59,0.0,398.4,0.0,13.9,262.1
2014-08-26 10:00,2014-08-26 10:59,0.0,602.1,0.0,15.1,391.7
2014-08-26 11:00,2014-08-26 11:59,0.0,813.6,0.0,16.8,506.7
2014-08-26 12:00,2014-08-26 12:59,15.3,721.7,0.0,17.5,472.2
2014-08-26 13:00,2014-08-26 13:59,37.3,697.1,0.0,17.9,491.4
2014-08-26 14:00,2014-08-26 14:59,18.6,696.0,0.0,18.3,445.8
2014-08-26 15:00,2014-08-26 15:59,0.0,886.7,0.0,18.6,531.3
2014-08-26 16:00,2014-08-26 16:59,0.0,726.1,0.0,18.4,432.0
2014-08-26 17:00,2014-08-26 17:59,0.0,533.2,0.0,18.3,309.1
2014-08-26 18:00,2014-08-26 18:59,0.0,304.8,0.0,17.7,161.1
2014-08-26 19:00,2014-08-26 19:59,0.0,103.0,0.0,16.6,49.0
2014-08-26 20:00,2014-08-26 20:59,53.4,2.9,0.0,13.5,3.3
2014-08-26 21:00,2014-08-26 21:59,90.0,0.0,0.0,10.2,0.0
2014-08-26 22:00,2014-08-26 22:59,90.0,0.0,0.0,8.7,0.0
2014-08-26 23:00,2014-08-26 23:59,90.0,0.0,0.0,8.3,0.0
2014-08-27 00:00,2014-08-27 00:59,90.0,0.0,0.0,8.5,0.0
2014-08-27 01:00,2014-08-27 01:59,90.0,0.0,0.0,8.4,0.0
2014-08-27 02:00,2014-08-27 02:59,90.0,0.0,0.0,8.2,0.0
2014-08-27 03:00,2014-08-27 03:59,90.0,0.0,0.0,8.0,0.0
2014-08-27 04:00,2014-08-27 04:59,90.0,0.0,0.0,7.6,0.0
2014-08-27 05:00,2014-08-27 05:59,90.0,0.0,0.0,7.3,0.0
2014-08-27 06:00,2014-08-27 06:59,14.4,2.1,0.0,6.8,1.8
2014-08-27 07:00,2014-08-27 07:59,0.0,87.0,0.0,9.0,59.7
2014-08-27 08:00,2014-08-27 08:59,0.0,331.0,0.0,13.9,216.1
2014-08-27 09:00,2014-08-27 09:59,0.0,549.2,0.0,16.4,352.5
2014-08-27 10:00,2014-08-27 10:59,0.0,736.2,0.0,18.2,470.3
2014-08-27 11:00,2014-08-27 11:59,0.0,886.0,0.0,19.5,555.5
2014-08-27 12:00,2014-08-27 12:59,73.2,694.1,0.1,20.5,604.9
2014-08-27 13:00,2014-08-27 13:59,90.0,622.0,0.0,21.0,580.1
2014-08-27 14:00,2014-08-27 14:59,90.0,570.7,0.0,21.3,538.9
2014-08-27 15:00,2014-08-27 15:59,90.0,469.5,0.0,21.6,444.7
2014-08-27 16:00,2014-08-27 16:59,90.0,381.6,0.0,21.5,349.5
2014-08-27 17:00,2014-08-27 17:59,19.7,301.2,0.0,20.6,203.3
2014-08-27 18:00,2014-08-27 18:59,0.0,351.5,0.0,20.3,205.1
2014-08-27 19:00,2014-08-27 19:59,0.0,102.0,0.0,18.8,51.8
2014-08-27 20:00,2014-08-27 20:59,55.0,2.5,0.0,15.9,3.6
2014-08-27 21:00,2014-08-27 21:59,90.0,0.0,0.0,14.0,0.0
2014-08-27 22:00,2014-08-27 22:59,90.0,0.0,0.0,13.4,0.0
2014-08-27 23:00,2014-08-27 23:59,90.0,0.0,0.0,12.9,0.0
2014-08-28 00:00,2014-08-28 00:59,90.0,0.0,0.0,11.5,0.0
2014-08-28 01:00,2014-08-28 01:59,90.0,0.0,0.0,10.6,0.0
2014-08-28 02:00,2014-08-28 02:59,90.0,0.0,0.0,9.8,0.0
2014-08-28 03:00,2014-08-28 03:59,90.0,0.0,0.0,8.8,0.0
2014-08-28 04:00,2014-08-28 04:59,90.0,0.0,0.0,8.2,0.0
2014-08-28 05:00,2014-08-28 05:59,90.0,0.0,0.0,7.4,0.0
2014-08-28 06:00,2014-08-28 06:59,17.3,2.5,0.0,7.4,3.2
2014-08-28 07:00,2014-08-28 07:59,0.0,90.5,0.0,9.3,63.6
2014-08-28 08:00,2014-08-28 08:59,0.0,326.6,0.0,13.1,212.8
2014-08-28 09:00,2014-08-28 09:59,0.0,538.1,0.0,15.8,342.5
2014-08-28 10:00,2014-08-28 10:59,0.0,726.6,0.0,17.7,464.1
2014-08-28 11:00,2014-08-28 11:59,0.0,775.6,0.0,18.8,483.2
2014-08-28 12:00,2014-08-28 12:59,63.9,753.2,0.0,19.5,613.9
2014-08-28 13:00,2014-08-28 13:59,90.0,636.6,0.0,20.5,594.2
2014-08-28 14:00,2014-08-28 14:59,90.0,600.9,0.0,21.4,562.6
2014-08-28 15:00,2014-08-28 15:59,90.0,570.9,0.0,21.6,531.4
2014-08-28 16:00,2014-08-28 16:59,90.0,455.6,0.0,21.8,422.1
2014-08-28 17:00,2014-08-28 17:59,90.0,324.7,0.0,22.2,288.7
2014-08-28 18:00,2014-08-28 18:59,26.5,248.4,0.0,20.9,149.8
2014-08-28 19:00,2014-08-28 19:59,0.0,68.0,0.0,17.4,34.0
2014-08-28 20:00,2014-08-28 20:59,73.7,0.2,0.0,14.7,0.6
2014-08-28 21:00,2014-08-28 21:59,90.0,0.0,0.0,13.5,0.0
2014-08-28 22:00,2014-08-28 22:59,90.0,0.0,0.0,13.2,0.0
2014-08-28 23:00,2014-08-28 23:59,90.0,0.0,0.0,13.1,0.0
2014-08-29 00:00,2014-08-29 00:59,90.0,0.0,0.0,13.6,0.0
2014-08-29 01:00,2014-08-29 01:59,90.0,0.0,0.0,13.9,0.0
2014-08-29 02:00,2014-08-29 02:59,90.0,0.0,0.0,14.3,0.0
2014-08-29 03:00,2014-08-29 03:59,90.0,0.0,0.0,14.2,0.0
2014-08-29 04:00,2014-08-29 04:59,90.0,0.0,0.0,14.9,0.0
2014-08-29 05:00,2014-08-29 05:59,90.0,0.0,0.0,15.3,0.0
2014-08-29 06:00,2014-08-29 06:59,20.5,0.0,0.0,15.2,0.0
2014-08-29 07:00,2014-08-29 07:59,0.0,4.4,0.7,14.8,8.6
2014-08-29 08:00,2014-08-29 08:59,0.0,53.1,0.2,14.6,44.4
2014-08-29 09:00,2014-08-29 09:59,0.0,104.8,0.0,15.4,74.4
2014-08-29 10:00,2014-08-29 10:59,0.0,189.9,0.0,16.7,125.4
2014-08-29 11:00,2014-08-29 11:59,0.0,268.4,0.0,17.7,177.7
2014-08-29 12:00,2014-08-29 12:59,0.0,206.7,0.8,17.1,127.9
2014-08-29 13:00,2014-08-29 13:59,0.0,139.8,1.0,16.2,87.6
2014-08-29 14:00,2014-08-29 14:59,0.0,158.8,0.7,16.4,104.6
2014-08-29 15:00,2014-08-29 15:59,0.0,427.1,0.0,18.0,269.6
2014-08-29 16:00,2014-08-29 16:59,0.0,321.3,0.0,19.3,203.5
2014-08-29 17:00,2014-08-29 17:59,0.0,271.4,0.0,19.7,169.3
2014-08-29 18:00,2014-08-29 18:59,0.0,102.7,0.0,18.8,69.6
2014-08-29 19:00,2014-08-29 19:59,0.0,62.0,0.0,18.3,45.6
2014-08-29 20:00,2014-08-29 20:59,67.5,0.6,0.0,15.8,1.2
2014-08-29 21:00,2014-08-29 21:59,90.0,0.0,0.0,14.0,0.0
2014-08-29 22:00,2014-08-29 22:59,90.0,0.0,0.0,13.5,0.0
2014-08-29 23:00,2014-08-29 23:59,90.0,0.0,0.0,13.0,0.0
2014-08-30 00:00,2014-08-30 00:59,90.0,0.0,0.0,12.8,0.0
2014-08-30 01:00,2014-08-30 01:59,90.0,0.0,0.0,12.6,0.0
2014-08-30 02:00,2014-08-30 02:59,90.0,0.0,0.0,12.4,0.0
2014-08-30 03:00,2014-08-30 03:59,90.0,0.0,0.0,12.6,0.0
2014-08-30 04:00,2014-08-30 04:59,90.0,0.0,0.0,13.1,0.0
2014-08-30 05:00,2014-08-30 05:59,90.0,0.0,0.0,13.7,0.0
2014-08-30 06:00,2014-08-30 06:59,23.3,0.0,0.0,14.3,0.0
2014-08-30 07:00,2014-08-30 07:59,0.0,10.6,0.0,14.6,16.2
2014-08-30 08:00,2014-08-30 08:59,0.0,67.7,0.0,14.9,53.1
2014-08-30 09:00,2014-08-30 09:59,0.0,160.9,0.0,15.5,110.0
2014-08-30 10:00,2014-08-30 10:59,0.0,224.5,0.0,16.2,148.3
2014-08-30 11:00,2014-08-30 11:59,0.0,333.0,0.0,17.0,220.5
2014-08-30 12:00,2014-08-30 12:59,0.0,248.5,0.2,16.8,154.8
2014-08-30 13:00,2014-08-30 13:59,0.0,112.0,0.7,15.5,75.4
2014-08-30 14:00,2014-08-30 14:59,0.0,394.4,0.0,16.6,261.2
2014-08-30 15:00,2014-08-30 15:59,0.0,457.7,0.0,17.9,282.8
2014-08-30 16:00,2014-08-30 16:59,0.0,246.8,0.0,18.0,156.6
2014-08-30 17:00,2014-08-30 17:59,0.0,137.6,0.6,17.5,100.2
2014-08-30 18:00,2014-08-30 18:59,0.0,152.2,0.0,17.9,105.3
2014-08-30 19:00,2014-08-30 19:59,0.0,71.8,0.0,17.2,48.7
2014-08-30 20:00,2014-08-30 20:59,78.6,0.1,0.0,15.6,0.1
2014-08-30 21:00,2014-08-30 21:59,90.0,0.0,0.1,15.3,0.0
2014-08-30 22:00,2014-08-30 22:59,90.0,0.0,0.0,14.7,0.0
2014-08-30 23:00,2014-08-30 23:59,90.0,0.0,0.0,14.0,0.0
2014-08-31 00:00,2014-08-31 00:59,90.0,0.0,0.0,13.6,0.0
2014-08-31 01:00,2014-08-31 01:59,90.0,0.0,0.0,13.2,0.0
2014-08-31 02:00,2014-08-31 02:59,90.0,0.0,0.0,12.8,0.0
2014-08-31 03:00,2014-08-31 03:59,90.0,0.0,0.0,12.3,0.0
2014-08-31 04:00,2014-08-31 04:59,90.0,0.0,0.0,12.5,0.0
2014-08-31 05:00,2014-08-31 05:59,90.0,0.0,0.0,12.2,0.0
2014-08-31 06:00,2014-08-31 06:59,10.9,0.3,0.3,12.3,3.9
2014-08-31 07:00,2014-08-31 07:59,0.0,32.8,0.2,13.0,35.0
2014-08-31 08:00,2014-08-31 08:59,0.0,56.9,0.0,13.6,46.2
2014-08-31 09:00,2014-08-31 09:59,0.0,92.8,0.0,14.1,68.5
2014-08-31 10:00,2014-08-31 10:59,0.0,53.6,0.3,14.5,39.3
2014-08-31 11:00,2014-08-31 11:59,0.0,142.4,0.4,13.8,98.4
2014-08-31 12:00,2014-08-31 12:59,0.0,292.0,0.0,14.9,202.2
2014-08-31 13:00,2014-08-31 13:59,0.0,423.1,0.0,16.4,273.7
2014-08-31 14:00,2014-08-31 14:59,0.0,235.1,0.1,16.0,152.4
2014-08-31 15:00,2014-08-31 15:59,0.0,91.9,0.9,14.9,65.6
2014-08-31 16:00,2014-08-31 16:59,0.0,91.8,0.0,15.0,64.4
2014-08-31 17:00,2014-08-31 17:59,0.0,135.1,0.0,15.8,94.2
2014-08-31 18:00,2014-08-31 18:59,0.0,79.1,0.0,16.0,60.4
2014-08-31 19:00,2014-08-31 19:59,0.0,10.9,0.0,15.7,16.8
2014-08-31 20:00,2014-08-31 20:59,89.3,0.0,0.0,15.2,0.1
2014-08-31 21:00,2014-08-31 21:59,90.0,0.0,0.0,14.9,0.0
2014-08-31 22:00,2014-08-31 22:59,90.0,0.0,0.0,14.7,0.0
2014-08-31 23:00,2014-09-01 00:00,90.0,0.0,0.0,14.7,0.0
