Start,End,Celle 6.Gardin4 (Celle 6) [%],Celle 6.Lys (Celle 6) [μmol],Celle 6.Regn (Celle 6) [],Celle 6.Udetemp (Celle 6) [°C],Celle 6.Udelys (Celle 6) [W/m2]
2014-02-01 00:00,2014-02-01 00:59,100.0,2000.0,0.0,-3.2,0.0
2014-02-01 01:00,2014-02-01 01:59,100.0,2000.0,0.0,-3.1,0.0
2014-02-01 02:00,2014-02-01 02:59,100.0,2000.0,0.0,-2.6,0.0
2014-02-01 03:00,2014-02-01 03:59,100.0,2000.0,0.0,-2.0,0.0
2014-02-01 04:00,2014-02-01 04:59,100.0,2000.0,0.0,-1.6,0.0
2014-02-01 05:00,2014-02-01 05:59,100.0,2000.0,0.0,-0.7,0.0
2014-02-01 06:00,2014-02-01 06:59,100.0,2000.0,0.0,-0.1,0.0
2014-02-01 07:00,2014-02-01 07:59,99.8,2000.0,0.0,0.1,0.0
2014-02-01 08:00,2014-02-01 08:59,30.7,2001.0,0.0,0.1,3.0
2014-02-01 09:00,2014-02-01 09:59,0.0,2448.6,0.0,0.5,31.0
2014-02-01 10:00,2014-02-01 10:59,0.0,3763.8,0.0,0.9,75.8
2014-02-01 11:00,2014-02-01 11:59,0.0,5079.0,0.0,2.1,116.9
2014-02-01 12:00,2014-02-01 12:59,0.0,3774.1,0.9,2.2,68.3
2014-02-01 13:00,2014-02-01 13:59,0.0,3085.7,1.0,1.6,44.2
2014-02-01 14:00,2014-02-01 14:59,0.0,2790.7,1.0,2.0,37.8
2014-02-01 15:00,2014-02-01 15:59,0.0,2200.2,1.0,2.4,15.9
2014-02-01 16:00,2014-02-01 16:59,31.5,142.3,0.9,2.5,0.0
2014-02-01 17:00,2014-02-01 17:59,100.0,0.0,0.4,2.4,0.0
2014-02-01 18:00,2014-02-01 18:59,100.0,0.0,0.2,2.5,0.0
2014-02-01 19:00,2014-02-01 19:59,100.0,2000.0,0.0,2.6,0.0
2014-02-01 20:00,2014-02-01 20:59,100.0,0.0,0.0,2.6,0.0
2014-02-01 21:00,2014-02-01 21:59,100.0,0.0,0.0,2.8,0.0
2014-02-01 22:00,2014-02-01 22:59,100.0,2000.0,0.0,2.7,0.0
2014-02-01 23:00,2014-02-01 23:59,100.0,2000.0,0.0,2.4,0.0
2014-02-02 00:00,2014-02-02 00:59,100.0,0.0,0.0,2.3,0.0
2014-02-02 01:00,2014-02-02 01:59,100.0,2000.0,0.0,2.3,0.0
2014-02-02 02:00,2014-02-02 02:59,100.0,2000.0,0.0,2.0,0.0
2014-02-02 03:00,2014-02-02 03:59,100.0,2000.0,0.0,1.9,0.0
2014-02-02 04:00,2014-02-02 04:59,100.0,2000.0,0.0,2.1,0.0
2014-02-02 05:00,2014-02-02 05:59,100.0,2000.0,0.0,2.1,0.0
2014-02-02 06:00,2014-02-02 06:59,100.0,2000.0,0.0,2.2,0.0
2014-02-02 07:00,2014-02-02 07:59,99.5,2000.0,0.0,1.9,0.0
2014-02-02 08:00,2014-02-02 08:59,28.1,176.5,0.0,1.9,6.9
2014-02-02 09:00,2014-02-02 09:59,0.0,922.7,0.0,2.2,30.8
2014-02-02 10:00,2014-02-02 10:59,0.0,4238.2,0.0,3.1,124.4
2014-02-02 11:00,2014-02-02 11:59,0.0,6459.3,0.0,4.0,192.5
2014-02-02 12:00,2014-02-02 12:59,0.0,7387.9,0.0,4.7,217.1
2014-02-02 13:00,2014-02-02 13:59,0.0,7035.9,0.0,5.0,201.9
2014-02-02 14:00,2014-02-02 14:59,0.0,5403.3,0.0,5.1,147.2
2014-02-02 15:00,2014-02-02 15:59,0.0,2776.8,0.0,4.8,72.3
2014-02-02 16:00,2014-02-02 16:59,27.2,446.7,0.0,3.6,15.7
2014-02-02 17:00,2014-02-02 17:59,100.0,0.0,0.0,2.3,0.0
2014-02-02 18:00,2014-02-02 18:59,100.0,0.0,0.0,2.2,0.0
2014-02-02 19:00,2014-02-02 19:59,100.0,0.0,0.0,1.9,0.0
2014-02-02 20:00,2014-02-02 20:59,100.0,0.0,0.0,2.3,0.0
2014-02-02 21:00,2014-02-02 21:59,100.0,0.0,0.0,2.9,0.0
2014-02-02 22:00,2014-02-02 22:59,100.0,0.0,0.0,3.2,0.0
2014-02-02 23:00,2014-02-02 23:59,100.0,0.0,0.0,2.9,0.0
2014-02-03 00:00,2014-02-03 00:59,100.0,0.0,0.0,2.6,0.0
2014-02-03 01:00,2014-02-03 01:59,100.0,2000.0,0.0,2.1,0.0
2014-02-03 02:00,2014-02-03 02:59,100.0,2000.0,0.0,1.5,0.0
2014-02-03 03:00,2014-02-03 03:59,100.0,141.1,0.0,1.1,0.0
2014-02-03 04:00,2014-02-03 04:59,100.0,0.0,0.0,0.7,0.0
2014-02-03 05:00,2014-02-03 05:59,100.0,0.0,0.0,0.5,0.0
2014-02-03 06:00,2014-02-03 06:59,100.0,0.0,0.0,0.3,0.0
2014-02-03 07:00,2014-02-03 07:59,98.5,0.0,0.0,0.1,0.0
2014-02-03 08:00,2014-02-03 08:59,26.6,22.2,0.0,0.3,2.7
2014-02-03 09:00,2014-02-03 09:59,0.0,1351.8,0.0,1.1,47.8
2014-02-03 10:00,2014-02-03 10:59,0.0,4106.8,0.0,3.2,127.2
2014-02-03 11:00,2014-02-03 11:59,0.0,5996.0,0.0,4.7,181.7
2014-02-03 12:00,2014-02-03 12:59,0.0,7270.2,0.0,5.3,219.1
2014-02-03 13:00,2014-02-03 13:59,0.0,7134.3,0.0,5.0,208.2
2014-02-03 14:00,2014-02-03 14:59,0.0,5205.4,0.0,4.2,148.5
2014-02-03 15:00,2014-02-03 15:59,0.0,3126.6,0.0,3.0,86.2
2014-02-03 16:00,2014-02-03 16:59,24.4,612.7,0.0,0.5,27.3
2014-02-03 17:00,2014-02-03 17:59,100.0,0.1,0.0,0.4,0.0
2014-02-03 18:00,2014-02-03 18:59,100.0,0.0,0.0,0.2,0.0
2014-02-03 19:00,2014-02-03 19:59,100.0,0.0,0.0,0.7,0.0
2014-02-03 20:00,2014-02-03 20:59,100.0,0.0,0.0,1.1,0.0
2014-02-03 21:00,2014-02-03 21:59,100.0,0.0,0.0,1.0,0.0
2014-02-03 22:00,2014-02-03 22:59,100.0,0.0,0.0,1.0,0.0
2014-02-03 23:00,2014-02-03 23:59,100.0,0.0,0.0,1.1,0.0
2014-02-04 00:00,2014-02-04 00:59,100.0,2000.0,0.0,0.9,0.0
2014-02-04 01:00,2014-02-04 01:59,100.0,2000.0,0.0,0.8,0.0
2014-02-04 02:00,2014-02-04 02:59,100.0,2000.0,0.0,0.7,0.0
2014-02-04 03:00,2014-02-04 03:59,100.0,2000.0,0.0,0.5,0.0
2014-02-04 04:00,2014-02-04 04:59,100.0,2000.0,0.0,0.2,0.0
2014-02-04 05:00,2014-02-04 05:59,100.0,2000.0,0.0,0.4,0.0
2014-02-04 06:00,2014-02-04 06:59,100.0,152.2,0.0,0.3,0.0
2014-02-04 07:00,2014-02-04 07:59,94.0,0.0,0.0,0.3,0.0
2014-02-04 08:00,2014-02-04 08:59,18.5,0.0,0.0,0.2,0.2
2014-02-04 09:00,2014-02-04 09:59,0.0,1981.9,0.0,0.4,15.1
2014-02-04 10:00,2014-02-04 10:59,0.0,1080.2,0.0,0.7,44.9
2014-02-04 11:00,2014-02-04 11:59,0.0,4779.4,0.0,1.4,112.7
2014-02-04 12:00,2014-02-04 12:59,0.0,4767.3,0.0,2.1,104.4
2014-02-04 13:00,2014-02-04 13:59,0.0,4145.1,0.0,2.7,136.7
2014-02-04 14:00,2014-02-04 14:59,0.0,2201.9,0.0,2.6,74.3
2014-02-04 15:00,2014-02-04 15:59,0.0,3088.0,0.0,2.2,57.4
2014-02-04 16:00,2014-02-04 16:59,21.2,473.9,0.0,1.6,19.9
2014-02-04 17:00,2014-02-04 17:59,100.0,1856.7,0.0,1.2,0.0
2014-02-04 18:00,2014-02-04 18:59,100.0,143.9,0.0,1.2,0.0
2014-02-04 19:00,2014-02-04 19:59,100.0,2000.0,0.0,1.1,0.0
2014-02-04 20:00,2014-02-04 20:59,100.0,2000.0,0.0,1.4,0.0
2014-02-04 21:00,2014-02-04 21:59,100.0,2000.0,0.0,1.4,0.0
2014-02-04 22:00,2014-02-04 22:59,100.0,2000.0,0.0,1.2,0.0
2014-02-04 23:00,2014-02-04 23:59,100.0,2000.0,0.0,1.7,0.0
2014-02-05 00:00,2014-02-05 00:59,100.0,2000.0,0.0,1.7,0.0
2014-02-05 01:00,2014-02-05 01:59,100.0,2000.0,0.0,1.7,0.0
2014-02-05 02:00,2014-02-05 02:59,100.0,2000.0,0.0,1.7,0.0
2014-02-05 03:00,2014-02-05 03:59,100.0,2000.0,0.0,0.3,0.0
2014-02-05 04:00,2014-02-05 04:59,100.0,2000.0,0.0,-0.7,0.0
2014-02-05 05:00,2014-02-05 05:59,100.0,2000.0,0.0,0.0,0.0
2014-02-05 06:00,2014-02-05 06:59,100.0,0.0,0.0,0.1,0.0
2014-02-05 07:00,2014-02-05 07:59,97.8,0.0,0.0,0.1,0.0
2014-02-05 08:00,2014-02-05 08:59,16.9,169.8,0.0,0.0,13.8
2014-02-05 09:00,2014-02-05 09:59,0.0,1852.8,0.0,1.0,60.4
2014-02-05 10:00,2014-02-05 10:59,0.0,1486.9,0.0,1.2,61.8
2014-02-05 11:00,2014-02-05 11:59,0.0,2775.1,0.0,1.9,111.2
2014-02-05 12:00,2014-02-05 12:59,0.0,5927.6,0.0,3.5,194.7
2014-02-05 13:00,2014-02-05 13:59,0.0,6610.8,0.0,4.1,193.7
2014-02-05 14:00,2014-02-05 14:59,0.0,3603.5,0.0,3.3,103.7
2014-02-05 15:00,2014-02-05 15:59,0.0,1965.3,0.0,1.8,71.5
2014-02-05 16:00,2014-02-05 16:59,17.3,268.4,0.0,0.8,17.5
2014-02-05 17:00,2014-02-05 17:59,100.0,0.0,0.0,0.4,0.0
2014-02-05 18:00,2014-02-05 18:59,100.0,0.0,0.0,0.5,0.0
2014-02-05 19:00,2014-02-05 19:59,100.0,0.0,0.0,0.5,0.0
2014-02-05 20:00,2014-02-05 20:59,100.0,1855.6,0.0,0.6,0.0
2014-02-05 21:00,2014-02-05 21:59,100.0,147.8,0.0,0.9,0.0
2014-02-05 22:00,2014-02-05 22:59,100.0,2000.0,0.0,0.8,0.0
2014-02-05 23:00,2014-02-05 23:59,100.0,2000.0,0.0,1.0,0.0
2014-02-06 00:00,2014-02-06 00:59,100.0,2000.0,0.0,1.3,0.0
2014-02-06 01:00,2014-02-06 01:59,100.0,2000.0,0.0,1.8,0.0
2014-02-06 02:00,2014-02-06 02:59,100.0,2000.0,0.0,2.2,0.0
2014-02-06 03:00,2014-02-06 03:59,100.0,2000.0,0.0,2.3,0.0
2014-02-06 04:00,2014-02-06 04:59,100.0,2000.0,1.0,2.8,0.0
2014-02-06 05:00,2014-02-06 05:59,100.0,2000.0,0.5,2.9,0.0
2014-02-06 06:00,2014-02-06 06:59,100.0,0.0,0.0,3.0,0.0
2014-02-06 07:00,2014-02-06 07:59,97.6,0.0,0.0,3.3,0.0
2014-02-06 08:00,2014-02-06 08:59,17.6,1845.6,0.0,3.7,1.9
2014-02-06 09:00,2014-02-06 09:59,0.0,840.4,0.0,4.8,34.6
2014-02-06 10:00,2014-02-06 10:59,0.0,2036.6,0.0,5.5,83.3
2014-02-06 11:00,2014-02-06 11:59,0.0,2020.4,0.0,6.0,84.1
2014-02-06 12:00,2014-02-06 12:59,0.0,2274.7,0.0,6.2,92.2
2014-02-06 13:00,2014-02-06 13:59,0.0,2995.6,0.0,6.5,113.1
2014-02-06 14:00,2014-02-06 14:59,0.0,4040.5,0.2,6.4,83.1
2014-02-06 15:00,2014-02-06 15:59,0.0,947.8,0.0,6.3,35.9
2014-02-06 16:00,2014-02-06 16:59,13.7,1958.3,0.0,5.8,5.4
2014-02-06 17:00,2014-02-06 17:59,100.0,2046.9,0.4,5.2,0.0
2014-02-06 18:00,2014-02-06 18:59,100.0,2046.9,0.3,4.9,0.0
2014-02-06 19:00,2014-02-06 19:59,100.0,2046.9,0.0,4.6,0.0
2014-02-06 20:00,2014-02-06 20:59,100.0,2046.9,0.0,4.6,0.0
2014-02-06 21:00,2014-02-06 21:59,100.0,2046.9,0.0,4.2,0.0
2014-02-06 22:00,2014-02-06 22:59,100.0,2046.9,0.0,4.4,0.0
2014-02-06 23:00,2014-02-06 23:59,100.0,2046.9,0.0,4.2,0.0
2014-02-07 00:00,2014-02-07 00:59,100.0,2046.9,0.0,4.0,0.0
2014-02-07 01:00,2014-02-07 01:59,100.0,2046.9,0.0,3.5,0.0
2014-02-07 02:00,2014-02-07 02:59,100.0,2046.9,0.0,3.5,0.0
2014-02-07 03:00,2014-02-07 03:59,100.0,2046.9,0.5,3.5,0.0
2014-02-07 04:00,2014-02-07 04:59,100.0,2046.9,1.0,3.0,0.0
2014-02-07 05:00,2014-02-07 05:59,100.0,2046.9,0.8,3.0,0.0
2014-02-07 06:00,2014-02-07 06:59,100.0,2046.9,1.0,3.1,0.0
2014-02-07 07:00,2014-02-07 07:59,96.7,47.9,1.0,3.0,0.0
2014-02-07 08:00,2014-02-07 08:59,15.7,73.0,0.8,3.1,0.0
2014-02-07 09:00,2014-02-07 09:59,0.0,100.3,0.9,3.7,4.2
2014-02-07 10:00,2014-02-07 10:59,0.0,987.1,0.0,4.6,46.6
2014-02-07 11:00,2014-02-07 11:59,0.0,1828.2,0.0,5.3,73.4
2014-02-07 12:00,2014-02-07 12:59,0.0,4168.8,0.0,5.9,89.5
2014-02-07 13:00,2014-02-07 13:59,0.0,2251.5,0.0,6.8,78.9
2014-02-07 14:00,2014-02-07 14:59,0.0,2972.8,0.5,6.7,48.4
2014-02-07 15:00,2014-02-07 15:59,0.0,2358.8,0.8,6.4,22.7
2014-02-07 16:00,2014-02-07 16:59,10.8,2022.7,0.5,6.9,5.3
2014-02-07 17:00,2014-02-07 17:59,100.0,2000.0,0.6,6.8,0.0
2014-02-07 18:00,2014-02-07 18:59,100.0,2000.0,0.7,6.6,0.0
2014-02-07 19:00,2014-02-07 19:59,100.0,2000.0,0.0,5.8,0.0
2014-02-07 20:00,2014-02-07 20:59,100.0,2000.0,0.4,4.5,0.0
2014-02-07 21:00,2014-02-07 21:59,100.0,2000.0,0.1,4.4,0.0
2014-02-07 22:00,2014-02-07 22:59,100.0,2000.0,0.0,4.7,0.0
2014-02-07 23:00,2014-02-07 23:59,100.0,2000.0,0.0,4.9,0.0
2014-02-08 00:00,2014-02-08 00:59,100.0,2000.0,0.0,4.6,0.0
2014-02-08 01:00,2014-02-08 01:59,100.0,2000.0,0.0,3.9,0.0
2014-02-08 02:00,2014-02-08 02:59,100.0,2000.0,0.5,3.8,0.0
2014-02-08 03:00,2014-02-08 03:59,100.0,2000.0,0.0,3.6,0.0
2014-02-08 04:00,2014-02-08 04:59,100.0,2000.0,0.0,3.9,0.0
2014-02-08 05:00,2014-02-08 05:59,100.0,2000.0,0.0,3.8,0.0
2014-02-08 06:00,2014-02-08 06:59,100.0,2000.0,0.0,3.6,0.0
2014-02-08 07:00,2014-02-08 07:59,96.3,2000.0,0.0,2.9,0.0
2014-02-08 08:00,2014-02-08 08:59,9.4,185.5,0.0,2.6,7.7
2014-02-08 09:00,2014-02-08 09:59,0.0,287.2,0.0,3.1,22.3
2014-02-08 10:00,2014-02-08 10:59,0.0,2314.3,0.0,3.7,88.5
2014-02-08 11:00,2014-02-08 11:59,0.0,4319.3,0.0,4.4,148.1
2014-02-08 12:00,2014-02-08 12:59,0.0,3706.8,0.0,4.7,127.1
2014-02-08 13:00,2014-02-08 13:59,0.0,2968.7,0.0,4.5,48.9
2014-02-08 14:00,2014-02-08 14:59,0.0,2818.7,0.0,4.8,38.2
2014-02-08 15:00,2014-02-08 15:59,0.0,2183.0,0.3,5.1,14.5
2014-02-08 16:00,2014-02-08 16:59,7.3,157.3,0.5,5.1,0.8
2014-02-08 17:00,2014-02-08 17:59,100.0,0.0,0.4,5.0,0.0
2014-02-08 18:00,2014-02-08 18:59,100.0,0.0,0.0,5.2,0.0
2014-02-08 19:00,2014-02-08 19:59,100.0,2000.0,0.1,5.1,0.0
2014-02-08 20:00,2014-02-08 20:59,100.0,2000.0,0.0,5.2,0.0
2014-02-08 21:00,2014-02-08 21:59,100.0,2000.0,0.0,5.1,0.0
2014-02-08 22:00,2014-02-08 22:59,100.0,995.0,0.0,4.7,0.0
2014-02-08 23:00,2014-02-08 23:59,100.0,1986.7,0.0,4.5,0.0
2014-02-09 00:00,2014-02-09 00:59,100.0,0.0,0.0,4.3,0.0
2014-02-09 01:00,2014-02-09 01:59,100.0,0.0,0.0,4.4,0.0
2014-02-09 02:00,2014-02-09 02:59,100.0,657.8,0.0,4.5,0.0
2014-02-09 03:00,2014-02-09 03:59,100.0,2000.0,0.0,4.3,0.0
2014-02-09 04:00,2014-02-09 04:59,100.0,2000.0,0.0,3.9,0.0
2014-02-09 05:00,2014-02-09 05:59,100.0,2000.0,0.0,3.7,0.0
2014-02-09 06:00,2014-02-09 06:59,100.0,2000.0,0.0,3.6,0.0
2014-02-09 07:00,2014-02-09 07:59,96.1,2000.0,0.2,3.6,0.0
2014-02-09 08:00,2014-02-09 08:59,8.4,683.0,0.9,3.4,2.0
2014-02-09 09:00,2014-02-09 09:59,0.0,1064.5,0.1,3.5,51.5
2014-02-09 10:00,2014-02-09 10:59,0.0,825.4,0.0,4.1,41.7
2014-02-09 11:00,2014-02-09 11:59,0.0,2803.6,0.0,4.7,110.9
2014-02-09 12:00,2014-02-09 12:59,0.0,3401.4,0.0,5.4,123.1
2014-02-09 13:00,2014-02-09 13:59,0.0,4925.4,0.0,5.9,118.2
2014-02-09 14:00,2014-02-09 14:59,0.0,5715.4,0.0,6.2,115.5
2014-02-09 15:00,2014-02-09 15:59,0.0,2620.4,0.0,5.9,30.8
2014-02-09 16:00,2014-02-09 16:59,4.1,2059.0,0.3,5.4,9.5
2014-02-09 17:00,2014-02-09 17:59,100.0,158.4,1.0,3.0,0.0
2014-02-09 18:00,2014-02-09 18:59,100.0,2000.0,0.7,2.8,0.0
2014-02-09 19:00,2014-02-09 19:59,100.0,2000.0,0.9,3.2,0.0
2014-02-09 20:00,2014-02-09 20:59,100.0,2000.0,1.0,3.4,0.0
2014-02-09 21:00,2014-02-09 21:59,100.0,2000.0,0.1,3.5,0.0
2014-02-09 22:00,2014-02-09 22:59,100.0,2000.0,0.5,3.5,0.0
2014-02-09 23:00,2014-02-09 23:59,100.0,2000.0,0.3,3.9,0.0
2014-02-10 00:00,2014-02-10 00:59,100.0,2000.0,0.6,4.3,0.0
2014-02-10 01:00,2014-02-10 01:59,100.0,0.0,0.0,4.6,0.0
2014-02-10 02:00,2014-02-10 02:59,100.0,2000.0,0.0,4.6,0.0
2014-02-10 03:00,2014-02-10 03:59,100.0,2000.0,0.0,4.3,0.0
2014-02-10 04:00,2014-02-10 04:59,100.0,2000.0,0.0,3.9,0.0
2014-02-10 05:00,2014-02-10 05:59,100.0,0.0,0.0,3.5,0.0
2014-02-10 06:00,2014-02-10 06:59,100.0,0.0,0.0,3.1,0.0
2014-02-10 07:00,2014-02-10 07:59,94.9,0.0,0.0,2.8,0.0
2014-02-10 08:00,2014-02-10 08:59,7.1,411.4,0.0,2.4,18.4
2014-02-10 09:00,2014-02-10 09:59,0.0,2992.4,0.0,3.1,91.2
2014-02-10 10:00,2014-02-10 10:59,0.0,5850.6,0.0,4.2,176.6
2014-02-10 11:00,2014-02-10 11:59,0.0,7888.5,0.0,4.9,257.9
2014-02-10 12:00,2014-02-10 12:59,0.0,8017.1,0.0,5.5,257.6
2014-02-10 13:00,2014-02-10 13:59,0.0,6857.6,0.0,6.1,209.8
2014-02-10 14:00,2014-02-10 14:59,0.0,4073.6,0.0,6.1,123.0
2014-02-10 15:00,2014-02-10 15:59,0.0,2214.4,0.0,5.7,74.0
2014-02-10 16:00,2014-02-10 16:59,0.6,343.6,0.0,4.9,17.5
2014-02-10 17:00,2014-02-10 17:59,100.0,0.0,0.0,4.3,0.0
2014-02-10 18:00,2014-02-10 18:59,100.0,0.0,0.0,3.9,0.0
2014-02-10 19:00,2014-02-10 19:59,100.0,0.0,0.0,3.6,0.0
2014-02-10 20:00,2014-02-10 20:59,100.0,0.0,0.0,3.2,0.0
2014-02-10 21:00,2014-02-10 21:59,100.0,0.0,0.0,3.2,0.0
2014-02-10 22:00,2014-02-10 22:59,100.0,0.0,0.0,2.9,0.0
2014-02-10 23:00,2014-02-10 23:59,100.0,0.0,0.0,2.9,0.0
2014-02-11 00:00,2014-02-11 00:59,100.0,2000.0,0.0,3.3,0.0
2014-02-11 01:00,2014-02-11 01:59,100.0,2000.0,0.0,3.4,0.0
2014-02-11 02:00,2014-02-11 02:59,100.0,2000.0,0.0,2.6,0.0
2014-02-11 03:00,2014-02-11 03:59,100.0,2000.0,0.0,2.7,0.0
2014-02-11 04:00,2014-02-11 04:59,100.0,0.0,0.0,2.4,0.0
2014-02-11 05:00,2014-02-11 05:59,100.0,0.0,0.0,2.0,0.0
2014-02-11 06:00,2014-02-11 06:59,100.0,0.0,0.0,1.9,0.0
2014-02-11 07:00,2014-02-11 07:59,93.4,0.0,0.0,1.7,0.0
2014-02-11 08:00,2014-02-11 08:59,2.8,0.0,0.0,1.7,3.8
2014-02-11 09:00,2014-02-11 09:59,0.0,117.1,0.3,1.8,16.7
2014-02-11 10:00,2014-02-11 10:59,0.0,282.8,1.0,1.0,21.9
2014-02-11 11:00,2014-02-11 11:59,0.0,562.8,1.0,0.9,33.4
2014-02-11 12:00,2014-02-11 12:59,0.0,2139.5,1.0,0.9,21.0
2014-02-11 13:00,2014-02-11 13:59,0.0,814.5,1.0,1.1,35.5
2014-02-11 14:00,2014-02-11 14:59,0.0,6419.6,0.2,2.6,163.1
2014-02-11 15:00,2014-02-11 15:59,0.0,3639.1,0.0,3.5,66.5
2014-02-11 16:00,2014-02-11 16:59,0.0,2712.0,0.0,3.5,27.8
2014-02-11 17:00,2014-02-11 17:59,96.2,2000.3,0.0,1.9,0.0
2014-02-11 18:00,2014-02-11 18:59,100.0,2000.0,0.0,2.5,0.0
2014-02-11 19:00,2014-02-11 19:59,100.0,2000.0,0.0,2.8,0.0
2014-02-11 20:00,2014-02-11 20:59,100.0,2000.0,0.0,2.5,0.0
2014-02-11 21:00,2014-02-11 21:59,100.0,2000.0,0.0,2.9,0.0
2014-02-11 22:00,2014-02-11 22:59,100.0,2000.0,0.4,3.4,0.0
2014-02-11 23:00,2014-02-11 23:59,100.0,2000.0,0.2,3.8,0.0
2014-02-12 00:00,2014-02-12 00:59,100.0,2000.0,0.0,3.8,0.0
2014-02-12 01:00,2014-02-12 01:59,100.0,2000.0,0.0,3.6,0.0
2014-02-12 02:00,2014-02-12 02:59,100.0,2000.0,0.1,3.6,0.0
2014-02-12 03:00,2014-02-12 03:59,100.0,2000.0,0.0,3.2,0.0
2014-02-12 04:00,2014-02-12 04:59,100.0,2000.0,0.0,2.4,0.0
2014-02-12 05:00,2014-02-12 05:59,100.0,2000.0,0.0,1.8,0.0
2014-02-12 06:00,2014-02-12 06:59,100.0,180.0,0.0,1.6,0.0
2014-02-12 07:00,2014-02-12 07:59,92.4,0.0,0.0,1.9,0.0
2014-02-12 08:00,2014-02-12 08:59,1.9,126.6,0.2,2.3,14.9
2014-02-12 09:00,2014-02-12 09:59,0.0,331.1,0.4,2.7,24.3
2014-02-12 10:00,2014-02-12 10:59,0.0,2233.1,0.0,2.9,90.8
2014-02-12 11:00,2014-02-12 11:59,0.0,3229.8,0.0,3.7,123.5
2014-02-12 12:00,2014-02-12 12:59,0.0,4074.2,0.0,4.5,152.2
2014-02-12 13:00,2014-02-12 13:59,0.0,4602.4,0.0,5.0,155.3
2014-02-12 14:00,2014-02-12 14:59,0.0,5319.7,0.0,5.7,159.9
2014-02-12 15:00,2014-02-12 15:59,0.0,5181.2,0.0,5.9,99.9
2014-02-12 16:00,2014-02-12 16:59,0.0,3117.8,0.0,5.1,28.5
2014-02-12 17:00,2014-02-12 17:59,92.9,180.2,0.0,3.7,0.0
2014-02-12 18:00,2014-02-12 18:59,100.0,0.0,0.0,3.7,0.0
2014-02-12 19:00,2014-02-12 19:59,100.0,2000.0,0.0,4.1,0.0
2014-02-12 20:00,2014-02-12 20:59,100.0,2000.0,0.0,4.6,0.0
2014-02-12 21:00,2014-02-12 21:59,100.0,2000.0,0.0,4.4,0.0
2014-02-12 22:00,2014-02-12 22:59,100.0,2000.0,0.0,4.3,0.0
2014-02-12 23:00,2014-02-12 23:59,100.0,2000.0,0.0,4.2,0.0
2014-02-13 00:00,2014-02-13 00:59,100.0,2000.0,0.2,3.9,0.0
2014-02-13 01:00,2014-02-13 01:59,100.0,2000.0,1.0,3.0,0.0
2014-02-13 02:00,2014-02-13 02:59,100.0,148.9,0.9,2.7,0.0
2014-02-13 03:00,2014-02-13 03:59,100.0,1837.2,0.6,1.9,0.0
2014-02-13 04:00,2014-02-13 04:59,100.0,2000.0,0.0,2.2,0.0
2014-02-13 05:00,2014-02-13 05:59,100.0,167.8,0.3,2.5,0.0
2014-02-13 06:00,2014-02-13 06:59,100.0,0.0,0.0,3.1,0.0
2014-02-13 07:00,2014-02-13 07:59,90.4,0.0,0.0,3.8,0.0
2014-02-13 08:00,2014-02-13 08:59,0.6,12.9,0.0,4.0,5.1
2014-02-13 09:00,2014-02-13 09:59,0.0,872.7,0.0,4.4,41.1
2014-02-13 10:00,2014-02-13 10:59,0.0,1875.7,0.0,4.8,78.0
2014-02-13 11:00,2014-02-13 11:59,0.0,2511.9,0.0,5.0,96.6
2014-02-13 12:00,2014-02-13 12:59,0.0,4216.4,0.0,5.6,152.7
2014-02-13 13:00,2014-02-13 13:59,0.0,3613.8,0.0,5.9,127.3
2014-02-13 14:00,2014-02-13 14:59,0.0,5845.5,0.0,6.7,174.5
2014-02-13 15:00,2014-02-13 15:59,0.0,2401.7,0.0,6.2,75.9
2014-02-13 16:00,2014-02-13 16:59,0.0,516.5,0.0,5.1,27.0
2014-02-13 17:00,2014-02-13 17:59,89.6,1836.2,0.0,4.2,0.5
2014-02-13 18:00,2014-02-13 18:59,100.0,0.0,0.0,3.9,0.0
2014-02-13 19:00,2014-02-13 19:59,100.0,1828.9,0.0,3.5,0.0
2014-02-13 20:00,2014-02-13 20:59,100.0,154.4,0.0,3.8,0.0
2014-02-13 21:00,2014-02-13 21:59,100.0,2000.0,0.0,3.6,0.0
2014-02-13 22:00,2014-02-13 22:59,100.0,2000.0,0.0,3.1,0.0
2014-02-13 23:00,2014-02-13 23:59,100.0,2000.0,0.0,2.9,0.0
2014-02-14 00:00,2014-02-14 00:59,100.0,0.0,0.0,2.7,0.0
2014-02-14 01:00,2014-02-14 01:59,100.0,0.0,0.0,2.7,0.0
2014-02-14 02:00,2014-02-14 02:59,100.0,2000.0,0.0,2.5,0.0
2014-02-14 03:00,2014-02-14 03:59,100.0,2000.0,0.0,2.6,0.0
2014-02-14 04:00,2014-02-14 04:59,100.0,2000.0,0.0,1.6,0.0
2014-02-14 05:00,2014-02-14 05:59,100.0,165.0,0.0,1.1,0.0
2014-02-14 06:00,2014-02-14 06:59,100.0,0.0,0.0,1.3,0.0
2014-02-14 07:00,2014-02-14 07:59,87.2,0.0,0.0,1.6,0.0
2014-02-14 08:00,2014-02-14 08:59,0.0,522.4,0.0,1.9,29.1
2014-02-14 09:00,2014-02-14 09:59,0.0,2534.5,0.0,3.3,108.4
2014-02-14 10:00,2014-02-14 10:59,0.0,2370.1,0.0,4.0,93.4
2014-02-14 11:00,2014-02-14 11:59,0.0,5045.0,0.0,4.4,181.2
2014-02-14 12:00,2014-02-14 12:59,0.0,9541.1,0.0,5.7,259.2
2014-02-14 13:00,2014-02-14 13:59,0.0,6075.0,0.0,6.1,189.8
2014-02-14 14:00,2014-02-14 14:59,0.0,3736.1,0.0,6.1,133.7
2014-02-14 15:00,2014-02-14 15:59,0.0,2087.6,0.0,5.4,77.4
2014-02-14 16:00,2014-02-14 16:59,0.0,575.8,0.0,4.5,33.4
2014-02-14 17:00,2014-02-14 17:59,86.0,0.5,0.0,3.6,1.0
2014-02-14 18:00,2014-02-14 18:59,100.0,1818.9,0.0,2.9,0.0
2014-02-14 19:00,2014-02-14 19:59,100.0,2000.0,0.0,3.0,0.0
2014-02-14 20:00,2014-02-14 20:59,100.0,0.0,0.0,3.1,0.0
2014-02-14 21:00,2014-02-14 21:59,100.0,2000.0,0.0,3.5,0.0
2014-02-14 22:00,2014-02-14 22:59,100.0,2000.0,0.0,3.8,0.0
2014-02-14 23:00,2014-02-14 23:59,100.0,2000.0,0.0,4.3,0.0
2014-02-15 00:00,2014-02-15 00:59,100.0,0.0,0.0,4.3,0.0
2014-02-15 01:00,2014-02-15 01:59,100.0,0.0,0.6,4.1,0.0
2014-02-15 02:00,2014-02-15 02:59,100.0,0.0,0.8,3.7,0.0
2014-02-15 03:00,2014-02-15 03:59,100.0,1834.4,0.5,3.4,0.0
2014-02-15 04:00,2014-02-15 04:59,100.0,0.0,0.0,3.5,0.0
2014-02-15 05:00,2014-02-15 05:59,100.0,0.0,0.0,4.1,0.0
2014-02-15 06:00,2014-02-15 06:59,100.0,2000.0,0.0,4.8,0.0
2014-02-15 07:00,2014-02-15 07:59,83.3,175.0,0.0,5.5,0.0
2014-02-15 08:00,2014-02-15 08:59,0.0,36.2,0.0,6.1,7.7
2014-02-15 09:00,2014-02-15 09:59,0.0,2630.3,0.0,7.1,98.9
2014-02-15 10:00,2014-02-15 10:59,0.0,3639.9,0.0,8.4,142.8
2014-02-15 11:00,2014-02-15 11:59,0.0,3665.0,0.0,8.5,134.6
2014-02-15 12:00,2014-02-15 12:59,0.0,2455.9,0.0,9.2,98.2
2014-02-15 13:00,2014-02-15 13:59,0.0,1896.8,0.3,9.3,78.8
2014-02-15 14:00,2014-02-15 14:59,0.0,3944.7,0.4,9.6,78.8
2014-02-15 15:00,2014-02-15 15:59,0.0,3329.8,0.3,9.7,56.9
2014-02-15 16:00,2014-02-15 16:59,0.0,2178.6,0.3,9.5,16.7
2014-02-15 17:00,2014-02-15 17:59,81.5,2000.1,0.0,9.1,0.4
2014-02-15 18:00,2014-02-15 18:59,100.0,2000.0,0.0,8.8,0.0
2014-02-15 19:00,2014-02-15 19:59,100.0,2000.0,0.0,8.6,0.0
2014-02-15 20:00,2014-02-15 20:59,100.0,2000.0,0.0,8.5,0.0
2014-02-15 21:00,2014-02-15 21:59,100.0,2000.0,0.0,8.5,0.0
2014-02-15 22:00,2014-02-15 22:59,100.0,2000.0,0.0,8.1,0.0
2014-02-15 23:00,2014-02-15 23:59,100.0,2000.0,0.0,7.4,0.0
2014-02-16 00:00,2014-02-16 00:59,100.0,128.3,0.2,6.9,0.0
2014-02-16 01:00,2014-02-16 01:59,100.0,1875.6,0.1,6.5,0.0
2014-02-16 02:00,2014-02-16 02:59,100.0,2000.0,0.2,5.9,0.0
2014-02-16 03:00,2014-02-16 03:59,100.0,2000.0,0.8,5.0,0.0
2014-02-16 04:00,2014-02-16 04:59,100.0,0.0,0.7,4.2,0.0
2014-02-16 05:00,2014-02-16 05:59,100.0,2000.0,0.4,4.6,0.0
2014-02-16 06:00,2014-02-16 06:59,100.0,2000.0,0.0,5.0,0.0
2014-02-16 07:00,2014-02-16 07:59,77.5,2000.0,0.3,4.8,0.2
2014-02-16 08:00,2014-02-16 08:59,0.0,596.4,0.0,4.4,22.5
2014-02-16 09:00,2014-02-16 09:59,0.0,1469.8,0.1,4.9,61.1
2014-02-16 10:00,2014-02-16 10:59,0.0,699.0,0.8,4.7,37.2
2014-02-16 11:00,2014-02-16 11:59,0.0,2604.6,0.3,5.0,102.4
2014-02-16 12:00,2014-02-16 12:59,0.0,5710.0,0.0,5.6,191.7
2014-02-16 13:00,2014-02-16 13:59,0.0,5180.1,0.3,5.1,117.8
2014-02-16 14:00,2014-02-16 14:59,0.0,5358.1,0.0,5.8,122.4
2014-02-16 15:00,2014-02-16 15:59,0.0,4015.4,0.0,5.8,78.2
2014-02-16 16:00,2014-02-16 16:59,0.0,2775.6,0.0,5.5,37.3
2014-02-16 17:00,2014-02-16 17:59,78.8,2021.2,0.4,4.8,4.0
2014-02-16 18:00,2014-02-16 18:59,100.0,132.8,0.0,4.4,0.0
2014-02-16 19:00,2014-02-16 19:59,100.0,0.0,0.2,3.9,0.0
2014-02-16 20:00,2014-02-16 20:59,100.0,1881.1,0.0,3.5,0.0
2014-02-16 21:00,2014-02-16 21:59,100.0,0.0,0.0,3.2,0.0
2014-02-16 22:00,2014-02-16 22:59,100.0,0.0,0.0,3.0,0.0
2014-02-16 23:00,2014-02-16 23:59,100.0,2000.0,0.0,2.9,0.0
2014-02-17 00:00,2014-02-17 00:59,100.0,136.1,0.0,2.5,0.0
2014-02-17 01:00,2014-02-17 01:59,100.0,0.0,0.0,2.3,0.0
2014-02-17 02:00,2014-02-17 02:59,100.0,0.0,0.0,2.0,0.0
2014-02-17 03:00,2014-02-17 03:59,100.0,0.0,0.0,1.9,0.0
2014-02-17 04:00,2014-02-17 04:59,100.0,0.0,0.0,1.9,0.0
2014-02-17 05:00,2014-02-17 05:59,100.0,0.0,0.0,1.9,0.0
2014-02-17 06:00,2014-02-17 06:59,100.0,0.0,0.0,2.0,0.0
2014-02-17 07:00,2014-02-17 07:59,75.4,0.0,0.0,2.1,0.0
2014-02-17 08:00,2014-02-17 08:59,0.0,1034.8,0.0,2.6,38.8
2014-02-17 09:00,2014-02-17 09:59,0.0,2854.2,0.0,3.6,96.0
2014-02-17 10:00,2014-02-17 10:59,0.0,6952.8,0.0,5.3,218.2
2014-02-17 11:00,2014-02-17 11:59,0.0,9064.0,0.0,6.5,283.6
2014-02-17 12:00,2014-02-17 12:59,0.0,9592.7,0.0,7.2,317.0
2014-02-17 13:00,2014-02-17 13:59,0.0,9604.6,0.0,8.1,323.3
2014-02-17 14:00,2014-02-17 14:59,0.0,5536.2,0.0,7.3,163.5
2014-02-17 15:00,2014-02-17 15:59,0.0,5437.6,0.0,7.5,155.9
2014-02-17 16:00,2014-02-17 16:59,0.0,2580.1,0.0,7.3,70.0
2014-02-17 17:00,2014-02-17 17:59,68.7,84.8,0.0,5.4,4.7
2014-02-17 18:00,2014-02-17 18:59,100.0,0.0,0.0,3.3,0.0
2014-02-17 19:00,2014-02-17 19:59,100.0,0.0,0.0,2.2,0.0
2014-02-17 20:00,2014-02-17 20:59,100.0,0.0,0.0,1.8,0.0
2014-02-17 21:00,2014-02-17 21:59,100.0,0.0,0.0,1.6,0.0
2014-02-17 22:00,2014-02-17 22:59,100.0,0.0,0.0,1.5,0.0
2014-02-17 23:00,2014-02-17 23:59,100.0,0.0,0.0,1.5,0.0
2014-02-18 00:00,2014-02-18 00:59,100.0,0.0,0.0,2.5,0.0
2014-02-18 01:00,2014-02-18 01:59,100.0,0.0,0.0,2.5,0.0
2014-02-18 02:00,2014-02-18 02:59,100.0,0.0,0.0,3.0,0.0
2014-02-18 03:00,2014-02-18 03:59,100.0,0.0,0.0,3.4,0.0
2014-02-18 04:00,2014-02-18 04:59,100.0,0.0,0.0,3.7,0.0
2014-02-18 05:00,2014-02-18 05:59,100.0,0.0,0.0,3.8,0.0
2014-02-18 06:00,2014-02-18 06:59,100.0,0.0,0.1,3.6,0.0
2014-02-18 07:00,2014-02-18 07:59,72.7,0.0,0.0,3.4,0.0
2014-02-18 08:00,2014-02-18 08:59,0.0,376.4,0.0,3.3,23.3
2014-02-18 09:00,2014-02-18 09:59,0.0,3099.2,0.0,4.2,113.2
2014-02-18 10:00,2014-02-18 10:59,0.0,3988.5,0.0,5.4,139.4
2014-02-18 11:00,2014-02-18 11:59,0.0,6006.6,0.0,6.9,213.7
2014-02-18 12:00,2014-02-18 12:59,0.0,4365.9,0.0,7.0,167.8
2014-02-18 13:00,2014-02-18 13:59,0.0,5162.8,0.0,7.1,181.1
2014-02-18 14:00,2014-02-18 14:59,0.0,3662.8,0.0,7.0,136.9
2014-02-18 15:00,2014-02-18 15:59,0.0,1548.0,0.0,6.7,66.9
2014-02-18 16:00,2014-02-18 16:59,0.0,540.9,0.0,6.3,28.8
2014-02-18 17:00,2014-02-18 17:59,71.9,5.2,0.0,5.8,1.0
2014-02-18 18:00,2014-02-18 18:59,100.0,0.0,0.0,5.5,0.0
2014-02-18 19:00,2014-02-18 19:59,100.0,0.0,0.4,5.4,0.0
2014-02-18 20:00,2014-02-18 20:59,100.0,0.0,1.0,4.9,0.0
2014-02-18 21:00,2014-02-18 21:59,100.0,0.0,0.0,4.9,0.0
2014-02-18 22:00,2014-02-18 22:59,100.0,0.0,0.0,4.8,0.0
2014-02-18 23:00,2014-02-18 23:59,100.0,0.0,0.0,4.5,0.0
2014-02-19 00:00,2014-02-19 00:59,100.0,2000.0,0.2,4.6,0.0
2014-02-19 01:00,2014-02-19 01:59,100.0,2000.0,0.0,4.5,0.0
2014-02-19 02:00,2014-02-19 02:59,100.0,2000.0,0.0,4.4,0.0
2014-02-19 03:00,2014-02-19 03:59,100.0,2000.0,0.0,4.5,0.0
2014-02-19 04:00,2014-02-19 04:59,100.0,2000.0,0.0,4.6,0.0
2014-02-19 05:00,2014-02-19 05:59,100.0,2000.0,0.0,4.7,0.0
2014-02-19 06:00,2014-02-19 06:59,100.0,2000.0,0.0,4.4,0.0
2014-02-19 07:00,2014-02-19 07:59,66.8,0.0,0.0,4.3,0.0
2014-02-19 08:00,2014-02-19 08:59,0.0,0.0,0.0,4.3,0.0
2014-02-19 09:00,2014-02-19 09:59,0.0,483.9,0.0,4.3,27.7
2014-02-19 10:00,2014-02-19 10:59,0.0,1798.6,0.3,4.9,75.6
2014-02-19 11:00,2014-02-19 11:59,0.0,1537.8,0.1,5.1,62.9
2014-02-19 12:00,2014-02-19 12:59,0.0,3551.7,0.0,5.3,69.4
2014-02-19 13:00,2014-02-19 13:59,0.0,4457.0,0.0,5.6,98.0
2014-02-19 14:00,2014-02-19 14:59,0.0,3140.8,0.0,5.9,48.5
2014-02-19 15:00,2014-02-19 15:59,0.0,2484.2,0.0,6.3,28.8
2014-02-19 16:00,2014-02-19 16:59,0.0,2302.5,0.0,6.4,20.0
2014-02-19 17:00,2014-02-19 17:59,68.6,196.1,0.3,6.1,1.9
2014-02-19 18:00,2014-02-19 18:59,100.0,46.9,0.1,5.4,0.0
2014-02-19 19:00,2014-02-19 19:59,100.0,46.9,0.0,5.1,0.0
2014-02-19 20:00,2014-02-19 20:59,100.0,2046.9,0.0,5.2,0.0
2014-02-19 21:00,2014-02-19 21:59,100.0,46.9,0.0,5.4,0.0
2014-02-19 22:00,2014-02-19 22:59,100.0,46.9,0.0,5.4,0.0
2014-02-19 23:00,2014-02-19 23:59,100.0,46.9,0.0,5.2,0.0
2014-02-20 00:00,2014-02-20 00:59,100.0,2046.9,0.0,5.1,0.0
2014-02-20 01:00,2014-02-20 01:59,100.0,2046.9,0.3,5.1,0.0
2014-02-20 02:00,2014-02-20 02:59,100.0,2046.9,0.0,4.4,0.0
2014-02-20 03:00,2014-02-20 03:59,100.0,2046.9,0.0,4.2,0.0
2014-02-20 04:00,2014-02-20 04:59,100.0,2046.9,0.0,4.5,0.0
2014-02-20 05:00,2014-02-20 05:59,100.0,2046.9,0.0,4.5,0.0
2014-02-20 06:00,2014-02-20 06:59,100.0,2046.9,0.0,4.6,0.0
2014-02-20 07:00,2014-02-20 07:59,64.3,58.0,0.0,4.6,0.0
2014-02-20 08:00,2014-02-20 08:59,0.0,126.5,0.0,4.7,7.7
2014-02-20 09:00,2014-02-20 09:59,0.0,900.1,0.0,5.2,42.5
2014-02-20 10:00,2014-02-20 10:59,0.0,1410.9,0.0,5.5,59.2
2014-02-20 11:00,2014-02-20 11:59,0.0,1606.0,0.0,5.7,65.6
2014-02-20 12:00,2014-02-20 12:59,0.0,3676.7,0.0,6.3,156.1
2014-02-20 13:00,2014-02-20 13:59,0.0,6502.3,0.0,7.0,161.8
2014-02-20 14:00,2014-02-20 14:59,0.0,5285.4,0.0,7.5,125.4
2014-02-20 15:00,2014-02-20 15:59,0.0,1650.1,0.0,7.7,64.2
2014-02-20 16:00,2014-02-20 16:59,0.0,416.2,0.0,7.8,26.2
2014-02-20 17:00,2014-02-20 17:59,65.3,3.5,0.0,7.6,1.0
2014-02-20 18:00,2014-02-20 18:59,100.0,0.0,0.2,7.4,0.0
2014-02-20 19:00,2014-02-20 19:59,100.0,0.0,0.0,7.2,0.0
2014-02-20 20:00,2014-02-20 20:59,100.0,0.0,0.3,7.0,0.0
2014-02-20 21:00,2014-02-20 21:59,100.0,2000.0,0.9,6.3,0.0
2014-02-20 22:00,2014-02-20 22:59,100.0,2000.0,0.6,6.2,0.0
2014-02-20 23:00,2014-02-20 23:59,100.0,2000.0,1.0,5.9,0.0
2014-02-21 00:00,2014-02-21 00:59,100.0,2000.0,1.0,5.8,0.0
2014-02-21 01:00,2014-02-21 01:59,100.0,2000.0,1.0,5.9,0.0
2014-02-21 02:00,2014-02-21 02:59,100.0,2000.0,1.0,6.1,0.0
2014-02-21 03:00,2014-02-21 03:59,100.0,2000.0,1.0,6.4,0.0
2014-02-21 04:00,2014-02-21 04:59,100.0,2000.0,0.6,6.8,0.0
2014-02-21 05:00,2014-02-21 05:59,100.0,2000.0,0.0,7.0,0.0
2014-02-21 06:00,2014-02-21 06:59,100.0,0.0,0.0,7.2,0.0
2014-02-21 07:00,2014-02-21 07:59,55.5,0.0,0.0,7.2,0.0
2014-02-21 08:00,2014-02-21 08:59,0.0,25.8,0.0,7.0,8.0
2014-02-21 09:00,2014-02-21 09:59,0.0,1151.4,0.0,7.1,54.8
2014-02-21 10:00,2014-02-21 10:59,0.0,2970.3,0.0,7.2,118.1
2014-02-21 11:00,2014-02-21 11:59,0.0,5234.6,0.0,7.1,127.8
2014-02-21 12:00,2014-02-21 12:59,0.0,6877.0,0.0,7.3,176.7
2014-02-21 13:00,2014-02-21 13:59,0.0,7921.2,0.0,8.4,243.5
2014-02-21 14:00,2014-02-21 14:59,0.0,4399.7,0.0,8.4,225.2
2014-02-21 15:00,2014-02-21 15:59,0.0,755.6,0.7,6.6,21.9
2014-02-21 16:00,2014-02-21 16:59,0.0,36.2,1.0,5.4,5.9
2014-02-21 17:00,2014-02-21 17:59,61.1,11.6,0.1,5.0,0.6
2014-02-21 18:00,2014-02-21 18:59,100.0,0.0,0.0,5.0,0.0
2014-02-21 19:00,2014-02-21 19:59,100.0,0.0,0.0,5.0,0.0
2014-02-21 20:00,2014-02-21 20:59,100.0,0.0,0.0,5.0,0.0
2014-02-21 21:00,2014-02-21 21:59,100.0,0.0,0.0,5.0,0.0
2014-02-21 22:00,2014-02-21 22:59,100.0,0.0,0.0,5.0,0.0
2014-02-21 23:00,2014-02-21 23:59,100.0,0.0,0.0,5.0,0.0
2014-02-22 00:00,2014-02-22 00:59,100.0,2000.0,0.0,5.0,0.0
2014-02-22 01:00,2014-02-22 01:59,100.0,2000.0,0.0,5.0,0.0
2014-02-22 02:00,2014-02-22 02:59,100.0,2000.0,0.0,3.6,0.0
2014-02-22 03:00,2014-02-22 03:59,100.0,2000.0,0.0,3.5,0.0
2014-02-22 04:00,2014-02-22 04:59,100.0,2000.0,0.0,3.6,0.0
2014-02-22 05:00,2014-02-22 05:59,100.0,2000.0,0.0,3.7,0.0
2014-02-22 06:00,2014-02-22 06:59,100.0,2000.0,0.0,3.5,0.0
2014-02-22 07:00,2014-02-22 07:59,54.9,2001.6,0.0,3.4,1.8
2014-02-22 08:00,2014-02-22 08:59,0.0,752.6,0.0,3.7,33.6
2014-02-22 09:00,2014-02-22 09:59,0.0,1213.5,0.0,4.2,54.3
2014-02-22 10:00,2014-02-22 10:59,0.0,4177.7,0.0,4.5,91.8
2014-02-22 11:00,2014-02-22 11:59,0.0,4393.5,0.0,4.8,94.8
2014-02-22 12:00,2014-02-22 12:59,0.0,3726.1,0.0,5.0,70.6
2014-02-22 13:00,2014-02-22 13:59,0.0,1171.2,0.0,5.3,44.9
2014-02-22 14:00,2014-02-22 14:59,0.0,489.0,0.5,5.0,26.4
2014-02-22 15:00,2014-02-22 15:59,0.0,332.0,0.3,4.7,22.4
2014-02-22 16:00,2014-02-22 16:59,0.0,130.7,0.0,4.9,15.3
2014-02-22 17:00,2014-02-22 17:59,57.9,62.0,0.0,5.0,2.4
2014-02-22 18:00,2014-02-22 18:59,100.0,46.9,0.1,5.2,0.0
2014-02-22 19:00,2014-02-22 19:59,100.0,46.9,0.3,5.1,0.0
2014-02-22 20:00,2014-02-22 20:59,100.0,46.9,0.0,5.2,0.0
2014-02-22 21:00,2014-02-22 21:59,100.0,46.9,0.0,5.5,0.0
2014-02-22 22:00,2014-02-22 22:59,100.0,46.9,0.0,4.8,0.0
2014-02-22 23:00,2014-02-22 23:59,100.0,46.9,0.0,4.2,0.0
2014-02-23 00:00,2014-02-23 00:59,100.0,2046.9,0.0,4.0,0.0
2014-02-23 01:00,2014-02-23 01:59,100.0,2046.9,0.0,4.5,0.0
2014-02-23 02:00,2014-02-23 02:59,100.0,2046.9,0.0,5.2,0.0
2014-02-23 03:00,2014-02-23 03:59,100.0,2046.9,0.0,4.4,0.0
2014-02-23 04:00,2014-02-23 04:59,100.0,2046.9,0.0,3.6,0.0
2014-02-23 05:00,2014-02-23 05:59,100.0,2046.9,0.0,3.0,0.0
2014-02-23 06:00,2014-02-23 06:59,100.0,2046.9,0.0,2.8,0.0
2014-02-23 07:00,2014-02-23 07:59,53.4,2061.6,0.0,3.1,1.5
2014-02-23 08:00,2014-02-23 08:59,0.0,3172.8,0.0,3.2,44.6
2014-02-23 09:00,2014-02-23 09:59,0.0,7060.0,0.0,4.7,158.6
2014-02-23 10:00,2014-02-23 10:59,0.0,9877.9,0.0,5.9,246.9
2014-02-23 11:00,2014-02-23 11:59,0.0,11408.8,0.0,6.7,297.7
2014-02-23 12:00,2014-02-23 12:59,0.0,12576.4,0.0,7.6,332.8
2014-02-23 13:00,2014-02-23 13:59,0.0,11053.4,0.0,8.0,279.1
2014-02-23 14:00,2014-02-23 14:59,0.0,8622.0,0.0,8.2,209.3
2014-02-23 15:00,2014-02-23 15:59,0.0,7588.0,0.0,8.5,160.0
2014-02-23 16:00,2014-02-23 16:59,0.0,3768.7,0.0,7.7,56.9
2014-02-23 17:00,2014-02-23 17:59,54.4,210.4,0.0,6.9,7.4
2014-02-23 18:00,2014-02-23 18:59,100.0,0.0,0.0,6.8,0.0
2014-02-23 19:00,2014-02-23 19:59,100.0,0.0,0.0,6.9,0.0
2014-02-23 20:00,2014-02-23 20:59,100.0,0.0,0.0,6.9,0.0
2014-02-23 21:00,2014-02-23 21:59,100.0,2000.0,0.0,6.7,0.0
2014-02-23 22:00,2014-02-23 22:59,100.0,149.4,0.0,6.5,0.0
2014-02-23 23:00,2014-02-23 23:59,100.0,2000.0,0.0,6.4,0.0
2014-02-24 00:00,2014-02-24 00:59,100.0,136.1,0.0,6.4,0.0
2014-02-24 01:00,2014-02-24 01:59,100.0,0.0,0.0,6.1,0.0
2014-02-24 02:00,2014-02-24 02:59,100.0,0.0,0.0,5.8,0.0
2014-02-24 03:00,2014-02-24 03:59,100.0,0.0,0.0,4.7,0.0
2014-02-24 04:00,2014-02-24 04:59,100.0,0.0,0.0,4.2,0.0
2014-02-24 05:00,2014-02-24 05:59,100.0,0.0,0.0,3.6,0.0
2014-02-24 06:00,2014-02-24 06:59,100.0,0.0,0.0,3.4,0.0
2014-02-24 07:00,2014-02-24 07:59,47.5,16.7,0.0,3.2,4.4
2014-02-24 08:00,2014-02-24 08:59,0.0,1309.3,0.0,3.7,53.5
2014-02-24 09:00,2014-02-24 09:59,0.0,4408.5,0.0,5.1,156.3
2014-02-24 10:00,2014-02-24 10:59,0.0,7747.6,0.0,7.0,254.5
2014-02-24 11:00,2014-02-24 11:59,0.0,9877.3,0.0,8.2,319.8
2014-02-24 12:00,2014-02-24 12:59,0.0,10451.9,0.0,9.3,337.3
2014-02-24 13:00,2014-02-24 13:59,0.0,10264.5,0.0,9.4,330.2
2014-02-24 14:00,2014-02-24 14:59,0.0,7685.4,0.0,9.3,239.8
2014-02-24 15:00,2014-02-24 15:59,0.0,4841.9,0.0,8.3,153.4
2014-02-24 16:00,2014-02-24 16:59,0.0,1556.7,0.0,7.8,60.4
2014-02-24 17:00,2014-02-24 17:59,50.8,106.0,0.0,7.4,9.0
2014-02-24 18:00,2014-02-24 18:59,100.0,0.0,0.0,7.3,0.0
2014-02-24 19:00,2014-02-24 19:59,100.0,0.0,0.0,7.2,0.0
2014-02-24 20:00,2014-02-24 20:59,100.0,0.0,0.0,6.8,0.0
2014-02-24 21:00,2014-02-24 21:59,100.0,0.0,0.0,6.5,0.0
2014-02-24 22:00,2014-02-24 22:59,100.0,0.0,0.0,6.0,0.0
2014-02-24 23:00,2014-02-24 23:59,100.0,0.0,0.0,5.6,0.0
2014-02-25 00:00,2014-02-25 00:59,100.0,1815.6,0.0,5.6,0.0
2014-02-25 01:00,2014-02-25 01:59,100.0,2000.0,0.0,5.3,0.0
2014-02-25 02:00,2014-02-25 02:59,100.0,2000.0,0.0,4.6,0.0
2014-02-25 03:00,2014-02-25 03:59,100.0,2000.0,0.0,4.1,0.0
2014-02-25 04:00,2014-02-25 04:59,100.0,0.0,0.0,3.6,0.0
2014-02-25 05:00,2014-02-25 05:59,100.0,0.0,0.0,3.2,0.0
2014-02-25 06:00,2014-02-25 06:59,100.0,0.0,0.0,3.1,0.0
2014-02-25 07:00,2014-02-25 07:59,44.9,43.2,0.0,3.1,7.1
2014-02-25 08:00,2014-02-25 08:59,0.0,1247.2,0.0,3.5,52.3
2014-02-25 09:00,2014-02-25 09:59,0.0,4170.4,0.0,5.0,138.7
2014-02-25 10:00,2014-02-25 10:59,0.0,7548.9,0.0,7.0,245.6
2014-02-25 11:00,2014-02-25 11:59,0.0,9804.5,0.0,7.9,316.5
2014-02-25 12:00,2014-02-25 12:59,0.0,10785.5,0.0,10.0,347.2
2014-02-25 13:00,2014-02-25 13:59,0.0,10403.0,0.0,9.8,330.6
2014-02-25 14:00,2014-02-25 14:59,0.0,9546.9,0.0,9.3,301.1
2014-02-25 15:00,2014-02-25 15:59,0.0,5510.8,0.0,8.9,172.4
2014-02-25 16:00,2014-02-25 16:59,0.0,2777.3,0.0,8.2,94.3
2014-02-25 17:00,2014-02-25 17:59,47.4,59.0,0.0,6.8,6.2
2014-02-25 18:00,2014-02-25 18:59,100.0,0.0,0.0,6.0,0.0
2014-02-25 19:00,2014-02-25 19:59,100.0,0.0,0.0,5.9,0.0
2014-02-25 20:00,2014-02-25 20:59,100.0,0.0,0.0,7.2,0.0
2014-02-25 21:00,2014-02-25 21:59,100.0,0.0,0.1,8.1,0.0
2014-02-25 22:00,2014-02-25 22:59,100.0,0.0,0.5,7.9,0.0
2014-02-25 23:00,2014-02-25 23:59,100.0,0.0,0.0,7.7,0.0
2014-02-26 00:00,2014-02-26 00:59,100.0,2000.0,0.0,7.4,0.0
2014-02-26 01:00,2014-02-26 01:59,100.0,2000.0,0.0,7.1,0.0
2014-02-26 02:00,2014-02-26 02:59,100.0,2000.0,0.0,6.8,0.0
2014-02-26 03:00,2014-02-26 03:59,100.0,2000.0,0.0,6.6,0.0
2014-02-26 04:00,2014-02-26 04:59,100.0,2000.0,0.0,6.8,0.0
2014-02-26 05:00,2014-02-26 05:59,100.0,2000.0,0.3,6.8,0.0
2014-02-26 06:00,2014-02-26 06:59,100.0,2000.0,0.0,6.9,0.0
2014-02-26 07:00,2014-02-26 07:59,38.5,2005.7,0.0,6.7,2.5
2014-02-26 08:00,2014-02-26 08:59,0.0,2880.3,0.0,6.6,44.7
2014-02-26 09:00,2014-02-26 09:59,0.0,4985.2,0.0,7.6,111.4
2014-02-26 10:00,2014-02-26 10:59,0.0,5079.3,0.0,8.4,170.3
2014-02-26 11:00,2014-02-26 11:59,0.0,8534.1,0.0,9.2,229.8
2014-02-26 12:00,2014-02-26 12:59,0.0,8907.8,0.0,9.7,243.4
2014-02-26 13:00,2014-02-26 13:59,0.0,7320.8,0.0,10.4,242.5
2014-02-26 14:00,2014-02-26 14:59,0.0,4955.1,0.0,10.0,202.2
2014-02-26 15:00,2014-02-26 15:59,0.0,2213.8,0.0,9.4,88.6
2014-02-26 16:00,2014-02-26 16:59,0.0,3270.9,0.0,9.0,60.0
2014-02-26 17:00,2014-02-26 17:59,44.2,2089.7,0.0,8.2,8.3
2014-02-26 18:00,2014-02-26 18:59,100.0,73.3,0.0,7.5,0.0
2014-02-26 19:00,2014-02-26 19:59,100.0,0.0,0.0,6.5,0.0
2014-02-26 20:00,2014-02-26 20:59,100.0,0.0,0.0,6.4,0.0
2014-02-26 21:00,2014-02-26 21:59,100.0,0.0,0.0,6.2,0.0
2014-02-26 22:00,2014-02-26 22:59,100.0,2000.0,0.0,5.8,0.0
2014-02-26 23:00,2014-02-26 23:59,100.0,2000.0,0.0,5.5,0.0
2014-02-27 00:00,2014-02-27 00:59,100.0,0.0,0.0,5.2,0.0
2014-02-27 01:00,2014-02-27 01:59,100.0,1902.8,0.0,4.4,0.0
2014-02-27 02:00,2014-02-27 02:59,100.0,2000.0,0.0,4.0,0.0
2014-02-27 03:00,2014-02-27 03:59,100.0,2000.0,0.0,3.7,0.0
2014-02-27 04:00,2014-02-27 04:59,100.0,0.0,0.0,3.0,0.0
2014-02-27 05:00,2014-02-27 05:59,100.0,0.0,0.0,2.9,0.0
2014-02-27 06:00,2014-02-27 06:59,99.8,0.0,0.0,2.7,0.0
2014-02-27 07:00,2014-02-27 07:59,36.2,18.0,0.0,2.3,4.4
2014-02-27 08:00,2014-02-27 08:59,0.0,1095.9,0.0,2.4,51.2
2014-02-27 09:00,2014-02-27 09:59,0.0,3281.7,0.0,3.5,125.7
2014-02-27 10:00,2014-02-27 10:59,0.0,6952.8,0.0,5.0,238.0
2014-02-27 11:00,2014-02-27 11:59,0.0,10067.7,0.0,7.8,325.1
2014-02-27 12:00,2014-02-27 12:59,0.0,10894.0,0.0,9.3,350.0
2014-02-27 13:00,2014-02-27 13:59,0.0,12107.7,0.0,9.6,324.2
2014-02-27 14:00,2014-02-27 14:59,0.0,9037.4,0.0,9.5,272.3
2014-02-27 15:00,2014-02-27 15:59,0.0,6137.5,0.0,9.4,177.2
2014-02-27 16:00,2014-02-27 16:59,0.0,1775.5,0.0,8.3,52.7
2014-02-27 17:00,2014-02-27 17:59,40.7,78.0,0.0,6.6,6.9
2014-02-27 18:00,2014-02-27 18:59,100.0,0.0,0.0,5.4,0.0
2014-02-27 19:00,2014-02-27 19:59,100.0,0.0,0.0,5.1,0.0
2014-02-27 20:00,2014-02-27 20:59,100.0,0.0,0.0,4.8,0.0
2014-02-27 21:00,2014-02-27 21:59,100.0,0.0,0.0,4.7,0.0
2014-02-27 22:00,2014-02-27 22:59,100.0,0.0,0.0,4.8,0.0
2014-02-27 23:00,2014-02-27 23:59,100.0,0.0,0.0,5.1,0.0
2014-02-28 00:00,2014-02-28 00:59,100.0,2000.0,0.0,4.9,0.0
2014-02-28 01:00,2014-02-28 01:59,100.0,2000.0,0.0,4.1,0.0
2014-02-28 02:00,2014-02-28 02:59,100.0,2000.0,0.0,3.5,0.0
2014-02-28 03:00,2014-02-28 03:59,100.0,2000.0,0.0,3.0,0.0
2014-02-28 04:00,2014-02-28 04:59,100.0,2000.0,0.0,2.6,0.0
2014-02-28 05:00,2014-02-28 05:59,100.0,2000.0,0.0,2.1,0.0
2014-02-28 06:00,2014-02-28 06:59,99.7,2000.0,0.0,2.0,0.0
2014-02-28 07:00,2014-02-28 07:59,30.2,179.8,0.0,1.9,9.2
2014-02-28 08:00,2014-02-28 08:59,0.0,1994.4,0.0,3.7,81.7
2014-02-28 09:00,2014-02-28 09:59,0.0,4764.4,0.0,5.7,156.6
2014-02-28 10:00,2014-02-28 10:59,0.0,6102.4,0.0,5.7,204.1
2014-02-28 11:00,2014-02-28 11:59,0.0,9769.8,0.0,7.4,326.6
2014-02-28 12:00,2014-02-28 12:59,0.0,8464.3,0.0,8.1,275.8
2014-02-28 13:00,2014-02-28 13:59,0.0,4201.2,0.0,7.1,165.3
2014-02-28 14:00,2014-02-28 14:59,0.0,6418.0,0.0,6.8,224.7
2014-02-28 15:00,2014-02-28 15:59,0.0,3344.1,0.0,6.3,123.6
2014-02-28 16:00,2014-02-28 16:59,0.0,791.8,0.0,5.8,38.6
2014-02-28 17:00,2014-02-28 17:59,37.3,49.4,0.0,5.2,11.0
2014-02-28 18:00,2014-02-28 18:59,100.0,0.0,0.0,5.0,0.0
2014-02-28 19:00,2014-02-28 19:59,100.0,0.0,0.0,4.8,0.0
2014-02-28 20:00,2014-02-28 20:59,100.0,1778.9,0.0,4.6,0.0
2014-02-28 21:00,2014-02-28 21:59,100.0,211.1,0.0,4.4,0.0
2014-02-28 22:00,2014-02-28 22:59,100.0,0.0,0.0,4.4,0.0
2014-02-28 23:00,2014-03-01 00:00,100.0,0.0,0.0,4.3,0.0
